survey,year,jaccard_dissimilarity,bray_dissimilarity,delta_richness,richness_percent_change
AI,1983,,,,
AI,1986,0.39622641509434,0.154712401437845,-24,-0.220183486238532
AI,1991,0.425925925925926,0.133847598669715,1,0.0117647058823529
AI,1994,0.411214953271028,0.133029425694537,-1,-0.0116279069767442
AI,1997,0.361702127659575,0.407023042568293,19,0.246753246753247
AI,2000,0.368421052631579,0.0457595245394853,-3,-0.03125
AI,2002,0.293577981651376,0.0948171385326927,16,0.172043010752688
AI,2004,0.282828282828283,0.0672995841409234,28,0.329411764705882
AI,2006,0.338235294117647,0.100621745957204,8,0.0707964601769912
AI,2010,0.335766423357664,0.0995366700665712,-7,-0.0578512396694215
AI,2012,0.226086956521739,0.0979119226104542,-12,-0.105263157894737
AI,2014,0.393700787401575,0.0198383762952524,5,0.0490196078431373
AI,2016,0.366412213740458,0.00995868197035362,1,0.00934579439252336
AI,2018,0.383333333333333,0.0556400584055971,-11,-0.101851851851852
BITS,1992,,,,
BITS,1993,0.25,0.0232934223542563,-1,-0.0344827586206897
BITS,1994,0.148148148148148,0.0219657954142625,-3,-0.107142857142857
BITS,1995,0.25,0.038043807633151,-4,-0.16
BITS,1996,0.384615384615385,0.384515447032461,14,0.666666666666667
BITS,1997,0.222222222222222,0.37750080008885,-3,-0.0857142857142857
BITS,1998,0,0.221872656458093,-14,-0.4375
BITS,1999,0,0.251283640334878,24,1.33333333333333
BITS,2000,0.19047619047619,0.0416516175941076,-4,-0.0952380952380952
BITS,2001,0.0512820512820513,0.20929942157471,7,0.184210526315789
BITS,2002,0.274509803921569,0.0115075782791771,-1,-0.0222222222222222
BITS,2003,0.339622641509434,0.0156607581120445,1,0.0227272727272727
BITS,2004,0.235294117647059,0.0609416861324736,1,0.0222222222222222
BITS,2005,0.196078431372549,0.0214581338039442,1,0.0217391304347826
BITS,2006,0.259259259259259,0.035812930766248,2,0.0425531914893617
BITS,2007,0.218181818181818,0.074784363776431,1,0.0204081632653061
BITS,2008,0.181818181818182,0.0499078757926549,2,0.04
BITS,2009,0.259259259259259,0.109796252828328,-5,-0.0961538461538462
BITS,2010,0.226415094339623,0.0240573387256897,9,0.191489361702128
BITS,2011,0.125,0.0353555861075242,-11,-0.196428571428571
BITS,2012,0.2,0.0817195177207225,1,0.0222222222222222
BITS,2013,0.196078431372549,0.140405505712253,4,0.0869565217391304
BITS,2014,0.245614035087719,0.0684002915653619,4,0.08
BITS,2015,0.258064516129032,0.0695661975315207,1,0.0185185185185185
BITS,2016,0.08,0.0641946771472177,-7,-0.127272727272727
BITS,2017,0.117647058823529,0.0877515572655521,4,0.0833333333333333
BITS,2018,0.206896551724138,0.0810099311396617,1,0.0192307692307692
BITS,2019,0.262295081967213,0.109464850811875,2,0.0377358490566038
BITS,2020,0.233333333333333,0.0200755435709711,-2,-0.0363636363636364
DFO-NF,1995,,,,
DFO-NF,1996,0.181818181818182,0.23139841687415,12,0.171428571428571
DFO-NF,1997,0.179775280898876,0.170364344545027,-1,-0.0121951219512195
DFO-NF,1998,0.0941176470588235,0.0701645647802238,4,0.0493827160493827
DFO-NF,1999,0.136363636363636,0.100881740493921,-3,-0.0352941176470588
DFO-NF,2000,0.114942528735632,0.115314332722653,9,0.109756097560976
DFO-NF,2001,0.106382978723404,0.0715950515232602,-2,-0.021978021978022
DFO-NF,2002,0.0860215053763441,0.118372769753464,2,0.0224719101123596
DFO-NF,2003,0.0963855421686747,0.143705477871117,-12,-0.131868131868132
DFO-NF,2004,0.125,0.0830537896996629,-4,-0.0506329113924051
DFO-NF,2005,0.051948051948052,0.109298376124985,11,0.146666666666667
DFO-NF,2006,0.0740740740740741,0.129402962804572,-8,-0.0930232558139535
DFO-NF,2007,0.0253164556962025,0.0326524120826424,14,0.17948717948718
DFO-NF,2008,0.136363636363636,0.16138290369995,-10,-0.108695652173913
DFO-NF,2009,0.0705882352941176,0.0881215019775005,14,0.170731707317073
DFO-NF,2010,0.152173913043478,0.063135091833918,-11,-0.114583333333333
DFO-NF,2011,0.142857142857143,0.0312010185433398,-7,-0.0823529411764706
DFO-NF,2012,0.142857142857143,0.0262675898715819,11,0.141025641025641
DFO-NF,2013,0.0705882352941176,0.125699405348661,-7,-0.0786516853932584
DFO-NF,2014,0.0882352941176471,0.178744912850836,-17,-0.207317073170732
DFO-NF,2015,0.0303030303030303,0.197289391577467,15,0.230769230769231
DFO-NF,2016,0.160919540229885,0.0256099032738497,1,0.0125
DFO-NF,2017,0.141176470588235,0.0728428822152911,-2,-0.0246913580246914
DFO-NF,2018,0.192771084337349,0.048746056544545,-4,-0.0506329113924051
DFO-NF,2019,0.114285714285714,0.02999880504438,-9,-0.12
DFO-QCS,2003,,,,
DFO-QCS,2004,0.347826086956522,0.174131814535334,1,0.0131578947368421
DFO-QCS,2005,0.288888888888889,0.0911331193504203,6,0.0779220779220779
DFO-QCS,2007,0.195652173913043,0.0466829346666407,11,0.132530120481928
DFO-QCS,2009,0.128205128205128,0.0707652311369714,-21,-0.223404255319149
DFO-QCS,2011,0.197530864197531,0.0921119311743126,7,0.0958904109589041
DFO-QCS,2013,0.0952380952380952,0.127853660893594,22,0.275
DFO-QCS,2015,0.25531914893617,0.172291975626219,-20,-0.196078431372549
DFO-QCS,2017,0.25531914893617,0.0981753125489326,3,0.0365853658536585
DFO-QCS,2019,0.288659793814433,0.0881691846502028,-2,-0.0235294117647059
EBS,1982,,,,
EBS,1983,0.285714285714286,0.0166065878847776,9,0.15
EBS,1984,0.253164556962025,0.028565402761132,0,0
EBS,1985,0.257142857142857,0.0211606505425659,0,0
EBS,1986,0.257142857142857,0.0618879152949341,2,0.0327868852459016
EBS,1987,0.205882352941176,0.072518317472956,-8,-0.115942028985507
EBS,1988,0.273972602739726,0.0375421702517857,7,0.111111111111111
EBS,1989,0.101694915254237,0.0193484406478842,-14,-0.2
EBS,1990,0.276923076923077,0.0273022503598861,2,0.0357142857142857
EBS,1991,0.26865671641791,0.0394443754023517,5,0.0862068965517242
EBS,1992,0.301369863013699,0.0235736068614607,-1,-0.0158730158730159
EBS,1993,0.21875,0.0114837724797534,-5,-0.0806451612903226
EBS,1994,0.307692307692308,0.0558493667692338,-2,-0.0350877192982456
EBS,1995,0.166666666666667,0.0528033332628744,4,0.0727272727272727
EBS,1996,0.289855072463768,0.0461707010372748,1,0.0169491525423729
EBS,1997,0.356164383561644,0.0597762496116352,3,0.05
EBS,1998,0.273972602739726,0.0217862297356666,6,0.0952380952380952
EBS,1999,0.184210526315789,0.162322404826579,7,0.101449275362319
EBS,2000,0.213333333333333,0.0222437046055313,-9,-0.118421052631579
EBS,2001,0.213333333333333,0.0868374201166582,1,0.0149253731343284
EBS,2002,0.136986301369863,0.0618118373888961,0,0
EBS,2003,0.233766233766234,0.00812596368463679,4,0.0588235294117647
EBS,2004,0.227848101265823,0.0719073193397208,-2,-0.0277777777777778
EBS,2005,0.181818181818182,0.00490054333713554,8,0.114285714285714
EBS,2006,0.285714285714286,0.0297193034113991,0,0
EBS,2007,0.269662921348315,0.0738101724560751,-1,-0.0128205128205128
EBS,2008,0.240963855421687,0.0306674375322723,-4,-0.051948051948052
EBS,2009,0.219512195121951,0.0127204351366175,8,0.10958904109589
EBS,2010,0.2,0.00634306956308191,7,0.0864197530864198
EBS,2011,0.21505376344086,0.0328056492097504,-5,-0.0568181818181818
EBS,2012,0.247191011235955,0.103456287076746,-5,-0.0602409638554217
EBS,2013,0.115942028985507,0.0318583054717894,-13,-0.166666666666667
EBS,2014,0.219178082191781,0.0374599119482597,5,0.0769230769230769
EBS,2015,0.227848101265823,0.0135086342398566,7,0.1
EBS,2016,0.292134831460674,0.112625617142704,-1,-0.012987012987013
EBS,2017,0.235294117647059,0.0337761540656004,-1,-0.0131578947368421
EBS,2018,0.255813953488372,0.0317462833032039,0,0
EBS,2019,0.227848101265823,0.030258096243788,-5,-0.0666666666666667
EVHOE,1997,,,,
EVHOE,1998,0.275862068965517,0.0884526901681346,-2,-0.0196078431372549
EVHOE,1999,0.305084745762712,0.0514256955084333,10,0.1
EVHOE,2000,0.283185840707965,0.173276783782951,-13,-0.118181818181818
EVHOE,2001,0.186915887850467,0.225885017918322,22,0.22680412371134
EVHOE,2002,0.263565891472868,0.138444215824345,-7,-0.0588235294117647
EVHOE,2003,0.292307692307692,0.287274455345437,-1,-0.00892857142857143
EVHOE,2004,0.299212598425197,0.230457556314202,-3,-0.027027027027027
EVHOE,2005,0.301587301587302,0.0572244295234632,-1,-0.00925925925925926
EVHOE,2006,0.216666666666667,0.239844715568044,11,0.102803738317757
EVHOE,2007,0.238805970149254,0.216400777761881,6,0.0508474576271187
EVHOE,2008,0.146341463414634,0.388524444992502,-10,-0.0806451612903226
EVHOE,2009,0.176,0.327565490119679,3,0.0263157894736842
EVHOE,2010,0.234375,0.207222509319689,-4,-0.0341880341880342
EVHOE,2011,0.132231404958678,0.242922003739851,12,0.106194690265487
EVHOE,2012,0.0840336134453782,0.18993319256998,-11,-0.088
EVHOE,2013,0.204724409448819,0.171930106258652,5,0.043859649122807
EVHOE,2014,0.347222222222222,0.223676235861125,2,0.0168067226890756
EVHOE,2015,0.225806451612903,0.13748595393958,-11,-0.0909090909090909
EVHOE,2016,0.19672131147541,0.283456890854388,8,0.0727272727272727
EVHOE,2017,0.16,0.508226295951626,-49,-0.415254237288136
EVHOE,2018,0.253164556962025,0.407758328026545,47,0.681159420289855
EVHOE,2019,0.26865671641791,0.0572629336578923,7,0.0603448275862069
EVHOE,2020,0.183206106870229,0.2050870294909,-4,-0.032520325203252
FR-CGFS,1998,,,,
FR-CGFS,1999,0.125,0.13648451300605,-1,-0.0217391304347826
FR-CGFS,2000,0.0952380952380952,0.113690088431544,-5,-0.111111111111111
FR-CGFS,2001,0.13953488372093,0.2341552533548,2,0.05
FR-CGFS,2002,0.173913043478261,0.280948718802599,1,0.0238095238095238
FR-CGFS,2003,0.0888888888888889,0.225478708072445,1,0.0232558139534884
FR-CGFS,2004,0.166666666666667,0.277694521512355,0,0
FR-CGFS,2005,0.130434782608696,0.0427813074434096,-1,-0.0227272727272727
FR-CGFS,2006,0.130434782608696,0.153517410130064,2,0.0465116279069768
FR-CGFS,2007,0.2,0.321238226759137,0,0
FR-CGFS,2008,0.0851063829787234,0.0918619114027431,2,0.0444444444444444
FR-CGFS,2009,0.192307692307692,0.233634727725584,0,0
FR-CGFS,2010,0.204081632653061,0.181497150644569,-3,-0.0638297872340426
FR-CGFS,2011,0.0869565217391304,0.293255046444049,7,0.159090909090909
FR-CGFS,2012,0.08,0.124518475293817,-3,-0.0588235294117647
FR-CGFS,2013,0.117647058823529,0.135367021551136,0,0
FR-CGFS,2014,0.16,0.0809896944675904,-2,-0.0416666666666667
FR-CGFS,2015,0.196078431372549,0.3469294868559,0,0
FR-CGFS,2016,0.0833333333333333,0.164788982235397,1,0.0217391304347826
FR-CGFS,2017,0.156862745098039,0.426010964084829,1,0.0212765957446809
FR-CGFS,2018,0.0444444444444444,0.20282621116213,-4,-0.0833333333333333
FR-CGFS,2019,0.0869565217391304,0.160271720495747,4,0.0909090909090909
FR-CGFS,2020,0.0833333333333333,0.0985527874734419,-2,-0.0416666666666667
GMEX,1987,0.252427184466019,0.280491956321744,-72,-0.285714285714286
GMEX,1988,0.269430051813472,0.083092739093435,-13,-0.0722222222222222
GMEX,1989,0.304568527918782,0.186357606541779,7,0.0419161676646707
GMEX,1990,0.338164251207729,0.172357904039674,-2,-0.0114942528735632
GMEX,1991,0.266129032258065,0.188059038714949,-81,-0.273648648648649
GMEX,1992,0.204878048780488,0.15418513165077,-31,-0.144186046511628
GMEX,1993,0.247619047619048,0.197045330048329,12,0.0652173913043478
GMEX,1994,0.311111111111111,0.135816265084484,-6,-0.0306122448979592
GMEX,1995,0.288288288288288,0.151345364277768,2,0.0105263157894737
GMEX,1996,0.300884955752212,0.194446579276623,11,0.0572916666666667
GMEX,1997,0.225490196078431,0.196524352163193,-22,-0.108374384236453
GMEX,1998,0.30188679245283,0.142108134482056,-1,-0.00552486187845304
GMEX,1999,0.277511961722488,0.179968318561688,14,0.0777777777777778
GMEX,2000,0.349344978165939,0.216523505165636,-5,-0.0257731958762887
GMEX,2001,,,,
GMEX,2002,0.327433628318584,0.135953059589535,5,0.0264550264550265
GMEX,2003,0.303030303030303,0.237261683283917,13,0.0773809523809524
GMEX,2004,0.316279069767442,0.178413513578761,2,0.0110497237569061
GMEX,2005,0.321100917431193,0.145658396994389,2,0.0109289617486339
GMEX,2006,0.271028037383178,0.126981238888149,16,0.0864864864864865
GMEX,2007,0.5,0.279144216832785,-49,-0.216814159292035
GMEX,2008,0.184615384615385,0.123408543692682,75,0.423728813559322
GMEX,2009,0.150537634408602,0.26419920620153,124,0.72093023255814
GMEX,2010,0.221238938053097,0.285468130710109,94,0.467661691542289
GMEX,2011,0.208860759493671,0.224773816632171,-12,-0.0406779661016949
GMEX,2012,0.208860759493671,0.144290192332459,11,0.03886925795053
GMEX,2013,0.265486725663717,0.195892208342409,13,0.0442176870748299
GMEX,2014,0.252873563218391,0.142510764719132,-3,-0.00977198697068404
GMEX,2015,0.222222222222222,0.161135530951982,14,0.0460526315789474
GMEX,2016,0.155844155844156,0.0982802012184475,-34,-0.106918238993711
GMEX,2017,0.196825396825397,0.159035655471504,14,0.0492957746478873
GMEX,2018,0.209150326797386,0.152286629336605,-24,-0.0805369127516778
GMEX,2019,0.307116104868914,0.281370402704154,-48,-0.175182481751825
GOA,1984,0.274193548387097,0.181127856516007,12,0.11214953271028
GOA,1987,0.273381294964029,0.183910476681616,-37,-0.235668789808917
GOA,1990,,,,
GOA,1993,0.358208955223881,0.159502299167748,-9,-0.0756302521008403
GOA,1996,0.320610687022901,0.0712914426615271,12,0.109090909090909
GOA,1999,0.28169014084507,0.130230839315193,35,0.286885245901639
GOA,2001,0.44,0.202601133561965,-3,-0.025
GOA,2003,0.252873563218391,0.210026725139595,-8,-0.05
GOA,2005,0.242774566473988,0.184757248816312,15,0.0986842105263158
GOA,2007,0.227272727272727,0.132786299902366,48,0.41025641025641
GOA,2009,0.27027027027027,0.138980182440347,-5,-0.0303030303030303
GOA,2011,0.122448979591837,0.121113815215431,-29,-0.173652694610778
GOA,2013,0.243589743589744,0.119653422173611,-1,-0.0072463768115942
GOA,2015,0.197368421052632,0.104836955708812,18,0.131386861313869
GOA,2017,0.226415094339623,0.0820364422258144,-14,-0.0903225806451613
GOA,2019,0.290909090909091,0.103457944815303,3,0.0212765957446809
GSL-N,1984,0,0.661213666153388,-21,-0.91304347826087
GSL-N,1985,,,-2,-1
GSL-N,1986,,,0,
GSL-N,1987,,,14,Inf
GSL-N,1988,0,0.0507382643447997,-3,-0.214285714285714
GSL-N,1989,0,0.0889118240071641,-1,-0.0909090909090909
GSL-N,1990,0,0.32643201044169,-11,-0.423076923076923
GSL-N,1991,0.125,0.153060563154325,5,0.333333333333333
GSL-N,1992,0.260869565217391,0.0837927351082799,1,0.05
GSL-N,1993,0.173913043478261,0.152595467571681,1,0.0476190476190476
GSL-N,1994,0.166666666666667,0.115927534885242,1,0.0454545454545455
GSL-N,1995,0,0.19623029499798,-49,-0.644736842105263
GSL-N,1996,0.2,0.0854847152306383,-48,-0.727272727272727
GSL-N,1997,0.206896551724138,0.352144180584421,-38,-0.59375
GSL-N,1998,,,,
GSL-N,1999,0.0740740740740741,0.157078888257004,2,0.0769230769230769
GSL-N,2000,0.133333333333333,0.122577749882522,0,0
GSL-N,2001,0.352941176470588,0.129478875672232,15,0.535714285714286
GSL-N,2002,0.407407407407407,0.0445188884384928,6,0.13953488372093
GSL-N,2003,0.280701754385965,0.00382946386050171,3,0.0612244897959184
GSL-N,2004,0.175438596491228,0.0349056271533932,14,0.269230769230769
GSL-N,2005,0.191780821917808,0.134453692164944,10,0.151515151515152
GSL-N,2006,0.137931034482759,0.0030238188607843,43,1.59259259259259
GSL-N,2007,0.121212121212121,0.139205999643412,-8,-0.114285714285714
GSL-N,2008,0.0923076923076923,0.163272858395421,0,0
GSL-N,2009,0.205882352941176,0.144527561653262,-1,-0.0161290322580645
GSL-N,2010,0.231884057971015,0.0469759753286392,1,0.0163934426229508
GSL-N,2011,0.228571428571429,0.125748655353595,1,0.0161290322580645
GSL-N,2012,0.149253731343284,0.105042779678651,-1,-0.0158730158730159
GSL-N,2013,0.253521126760563,0.261205331202358,1,0.0161290322580645
GSL-N,2014,0.25,0.0540507579117202,3,0.0476190476190476
GSL-N,2015,0.105263157894737,0.189800829476219,50,2.77777777777778
GSL-N,2016,0.0645161290322581,0.0851908027499662,-8,-0.117647058823529
GSL-N,2017,0.181818181818182,0.185720614911723,5,0.0833333333333333
GSL-N,2018,0.266666666666667,0.167054110288129,6,0.0923076923076923
GSL-N,2019,0.197183098591549,0.023935186640253,-7,-0.0985915492957746
GSL-S,1970,,,,
GSL-S,1971,0.19047619047619,0.080864899842588,4,0.210526315789474
GSL-S,1972,0.296296296296296,0.0697402431285314,2,0.0869565217391304
GSL-S,1973,0.153846153846154,0.130607348459183,-1,-0.04
GSL-S,1974,0.222222222222222,0.10781217492969,5,0.208333333333333
GSL-S,1975,0.1875,0.14471901474849,2,0.0689655172413793
GSL-S,1976,0.214285714285714,0.0688411475307523,-6,-0.193548387096774
GSL-S,1977,0.0769230769230769,0.12600035642032,5,0.2
GSL-S,1978,0.0769230769230769,0.196228562930672,-5,-0.166666666666667
GSL-S,1979,0.148148148148148,0.0623246462774325,7,0.28
GSL-S,1980,0.117647058823529,0.0453790068597163,0,0
GSL-S,1981,0.176470588235294,0.0809868373287473,-1,-0.03125
GSL-S,1982,0.235294117647059,0.01434219285465,-1,-0.032258064516129
GSL-S,1983,0.294117647058824,0.0737756481777372,-1,-0.0333333333333333
GSL-S,1984,0.1875,0.133134340421744,8,0.275862068965517
GSL-S,1985,0.102564102564103,0.0444237437384367,5,0.135135135135135
GSL-S,1986,0.0909090909090909,0.182800491238166,22,0.523809523809524
GSL-S,1987,0.142857142857143,0.149692882240715,-25,-0.390625
GSL-S,1988,0.0975609756097561,0.121954447288704,14,0.358974358974359
GSL-S,1989,0.166666666666667,0.0280464901780737,-9,-0.169811320754717
GSL-S,1990,0.166666666666667,0.333755785087023,4,0.0909090909090909
GSL-S,1991,0.117647058823529,0.1089531055006,12,0.25
GSL-S,1992,0.193548387096774,0.135516000353348,-4,-0.0666666666666667
GSL-S,1993,0.163934426229508,0.227996201705569,4,0.0714285714285714
GSL-S,1994,0.212121212121212,0.12748952322591,-1,-0.0166666666666667
GSL-S,1995,0.15625,0.0547984590617382,5,0.0847457627118644
GSL-S,1996,0.197183098591549,0.16109836221952,2,0.03125
GSL-S,1997,0.166666666666667,0.265159094650687,3,0.0454545454545455
GSL-S,1998,0.207792207792208,0.125799415915236,1,0.0144927536231884
GSL-S,1999,0.142857142857143,0.0321680011316999,-5,-0.0714285714285714
GSL-S,2000,0.121212121212121,0.120787595619546,-3,-0.0461538461538462
GSL-S,2001,0.0952380952380952,0.0271605995503616,-2,-0.032258064516129
GSL-S,2002,0.0645161290322581,0.0784507325403426,7,0.116666666666667
GSL-S,2004,0.213333333333333,0.0214673618325362,0,0
GSL-S,2005,0.189189189189189,0.14783119499676,1,0.0149253731343284
GSL-S,2006,0.0597014925373134,0.0744784529309431,-3,-0.0441176470588235
GSL-S,2007,0.169014084507042,0.0603876869129545,5,0.0769230769230769
GSL-S,2008,0.0909090909090909,0.0792264229114706,-7,-0.1
GSL-S,2009,0.0909090909090909,0.0549431467694442,5,0.0793650793650794
GSL-S,2010,0.256410256410256,0.158900242634701,0,0
GSL-S,2011,0.24,0.0543082736465229,-2,-0.0294117647058824
GSL-S,2012,0.202898550724638,0.103418009376311,-4,-0.0606060606060606
GSL-S,2013,0.149253731343284,0.308969212035188,5,0.0806451612903226
GSL-S,2014,0.169014084507042,0.0827117460688255,-2,-0.0298507462686567
GSL-S,2015,0.119402985074627,0.0906877750949031,-2,-0.0307692307692308
GSL-S,2016,0.126984126984127,0.0972357525383512,-4,-0.0634920634920635
GSL-S,2017,0.0967741935483871,0.171225371987604,5,0.0847457627118644
GSL-S,2018,0.144927536231884,0.196037187353239,0,0
GSL-S,2019,0.171428571428571,0.253200878211186,1,0.015625
ICE-GFS,1996,,,,
ICE-GFS,1997,0.0645161290322581,0.103049526196993,-7,-0.104477611940299
ICE-GFS,1998,0.125,0.036521163313173,4,0.0666666666666667
ICE-GFS,1999,0.144927536231884,0.126661402308992,2,0.03125
ICE-GFS,2000,0.24,0.0271426361781517,2,0.0303030303030303
ICE-GFS,2001,0.186666666666667,0.112832845075898,0,0
ICE-GFS,2002,0.136986301369863,0.0144013311017738,2,0.0294117647058824
ICE-GFS,2003,0.166666666666667,0.0327994905956312,-4,-0.0571428571428571
ICE-GFS,2004,0.0869565217391304,0.0586748820331074,5,0.0757575757575758
ICE-GFS,2005,0.111111111111111,0.0277096854733929,-3,-0.0422535211267606
ICE-GFS,2006,0.162162162162162,0.0262353540801564,3,0.0441176470588235
ICE-GFS,2007,0.155844155844156,0.070641501643847,1,0.0140845070422535
ICE-GFS,2008,0.177215189873418,0.0440777093471426,1,0.0138888888888889
ICE-GFS,2009,0.197530864197531,0.0805242685847493,0,0
ICE-GFS,2010,0.103896103896104,0.0651401936972223,4,0.0547945205479452
ICE-GFS,2011,0.148148148148148,0.0512360750821931,-2,-0.025974025974026
ICE-GFS,2012,0.170731707317073,0.0189881382496204,3,0.04
ICE-GFS,2013,0.142857142857143,0.0331402504521616,4,0.0512820512820513
ICE-GFS,2014,0.0506329113924051,0.027826769066983,-5,-0.0609756097560976
ICE-GFS,2015,0.075,0.0239783697138329,3,0.038961038961039
ICE-GFS,2016,0.164705882352941,0.0240218102925217,-2,-0.025
ICE-GFS,2017,0.146341463414634,0.0576151744274203,-2,-0.0256410256410256
ICE-GFS,2018,0.19047619047619,0.0821918223880606,1,0.0131578947368421
ICE-GFS,2019,0.188235294117647,0.0373638386217267,0,0
ICE-GFS,2020,0.148148148148148,0.0410390345065296,-2,-0.025974025974026
ICE-GFS,2021,0.15,0.00275621190356139,-1,-0.0133333333333333
IE-IGFS,2003,,,,
IE-IGFS,2004,0.303030303030303,0.302343488002842,0,0
IE-IGFS,2005,0.336633663366337,0.346376414805916,4,0.0476190476190476
IE-IGFS,2006,0.274509803921569,0.165477201046584,9,0.102272727272727
IE-IGFS,2007,0.344827586206897,0.132819937743063,-1,-0.0103092783505155
IE-IGFS,2008,0.285714285714286,0.176362428688926,1,0.0104166666666667
IE-IGFS,2009,0.133333333333333,0.111813194332963,-13,-0.134020618556701
IE-IGFS,2010,0.133333333333333,0.205784076974811,5,0.0595238095238095
IE-IGFS,2011,0.204081632653061,0.104926360949185,-1,-0.0112359550561798
IE-IGFS,2012,0.212765957446809,0.243368213066928,-4,-0.0454545454545455
IE-IGFS,2013,0.193548387096774,0.122981700256665,0,0
IE-IGFS,2014,0.153846153846154,0.248090723286781,4,0.0476190476190476
IE-IGFS,2015,0.191489361702128,0.31247159877948,-3,-0.0340909090909091
IE-IGFS,2016,0.234042553191489,0.0817546439846143,-2,-0.0235294117647059
IE-IGFS,2017,0.2,0.0922334734087273,-2,-0.0240963855421687
IE-IGFS,2018,0.0941176470588235,0.157273968337182,7,0.0864197530864198
IE-IGFS,2019,0.10752688172043,0.227463810365244,4,0.0454545454545455
IE-IGFS,2020,0.153846153846154,0.163286858214442,-8,-0.0869565217391304
NEUS,1963,,,,
NEUS,1964,,,0,
NEUS,1965,,,0,
NEUS,1966,,,0,
NEUS,1967,,,0,
NEUS,1968,,,0,
NEUS,1969,,,0,
NEUS,1970,,,0,
NEUS,1971,,,0,
NEUS,1972,,,0,
NEUS,1973,,,0,
NEUS,1974,,,0,
NEUS,1975,,,0,
NEUS,1976,,,0,
NEUS,1977,,,0,
NEUS,1978,,,0,
NEUS,1979,,,0,
NEUS,1980,,,0,
NEUS,1981,,,0,
NEUS,1982,,,0,
NEUS,1983,,,0,
NEUS,1984,,,0,
NEUS,1985,,,0,
NEUS,1986,,,0,
NEUS,1987,,,0,
NEUS,1988,,,0,
NEUS,1989,,,0,
NEUS,1990,,,0,
NEUS,1991,,,0,
NEUS,1992,,,0,
NEUS,1993,,,0,
NEUS,1994,,,0,
NEUS,1995,,,0,
NEUS,1996,,,0,
NEUS,1997,,,0,
NEUS,1998,,,0,
NEUS,1999,,,0,
NEUS,2000,,,0,
NEUS,2001,,,0,
NEUS,2002,,,0,
NEUS,2003,,,0,
NEUS,2004,,,0,
NEUS,2005,,,0,
NEUS,2006,,,0,
NEUS,2007,,,0,
NEUS,2008,,,0,
NEUS,2009,,,0,
NEUS,2010,,,0,
NEUS,2011,,,0,
NEUS,2012,,,0,
NEUS,2013,,,0,
NEUS,2014,,,0,
NEUS,2015,,,0,
NEUS,2016,,,0,
NEUS,2017,,,0,
NEUS,2018,,,0,
NEUS,2019,,,0,
NIGFS,2006,,,,
NIGFS,2007,0,0,0,0
NIGFS,2009,0,0,55,55
NIGFS,2010,0.0701754385964912,0.108373074589783,-1,-0.0178571428571429
NIGFS,2011,0.109090909090909,0.166285873765492,-3,-0.0545454545454545
NIGFS,2012,0.175438596491228,0.153338200958615,0,0
NIGFS,2013,0.142857142857143,0.326454439958114,0,0
NIGFS,2014,0.142857142857143,0.129856227395952,3,0.0576923076923077
NIGFS,2015,0.19672131147541,0.125430479862536,0,0
NIGFS,2016,0.0769230769230769,0.128326678558031,-5,-0.0909090909090909
NIGFS,2017,0.0769230769230769,0.0935051261363596,2,0.04
NIGFS,2018,0.0740740740740741,0.0825898410304335,1,0.0192307692307692
NIGFS,2019,0.172413793103448,0.0582040870205233,0,0
NIGFS,2020,0.140350877192982,0.170347141152911,2,0.0377358490566038
NS-IBTS,1967,,,,
NS-IBTS,1968,0.466666666666667,0.24408854732828,6,0.260869565217391
NS-IBTS,1970,0.3125,0.0724864036296371,-2,-0.0689655172413793
NS-IBTS,1971,0.3125,0.20792606802079,12,0.444444444444444
NS-IBTS,1972,0.304347826086957,0.229008872022331,4,0.102564102564103
NS-IBTS,1973,0.36734693877551,0.35221247853823,-3,-0.0697674418604651
NS-IBTS,1974,0.25,0.671567972375696,-33,-0.825
NS-IBTS,1975,0,0.517778796010561,28,4
NS-IBTS,1976,0.25,0.109575990467716,5,0.142857142857143
NS-IBTS,1977,0.363636363636364,0.162134868441274,-4,-0.1
NS-IBTS,1978,0.153846153846154,0.421614355251261,10,0.277777777777778
NS-IBTS,1979,0.196078431372549,0.283363145041452,4,0.0869565217391304
NS-IBTS,1980,0.0392156862745098,0.00189356045438844,15,0.3
NS-IBTS,1981,0.0377358490566038,0.178518660688083,-13,-0.2
NS-IBTS,1982,0.109090909090909,0.136753028563411,9,0.173076923076923
NS-IBTS,1983,0.17910447761194,0.0783490091007687,9,0.147540983606557
NS-IBTS,1984,0.181818181818182,0.0588391216823917,3,0.0428571428571429
NS-IBTS,1985,0.136986301369863,0.0672535095658135,-5,-0.0684931506849315
NS-IBTS,1986,0.136986301369863,0.11550781318403,0,0
NS-IBTS,1987,0.0845070422535211,0.106735738279093,1,0.0147058823529412
NS-IBTS,1988,0.140845070422535,0.058631446723926,-3,-0.0434782608695652
NS-IBTS,1989,0.191780821917808,0.0667370359308751,3,0.0454545454545455
NS-IBTS,1990,0.253164556962025,0.0283445444272497,3,0.0434782608695652
NS-IBTS,1991,0.177215189873418,0.0816265495611661,8,0.111111111111111
NS-IBTS,1992,0.192771084337349,0.122818714514184,-5,-0.0625
NS-IBTS,1993,0.133333333333333,0.0576903880689276,-5,-0.0666666666666667
NS-IBTS,1994,0.227848101265823,0.00583630021981248,0,0
NS-IBTS,1995,0.0821917808219178,0.0257737542457651,15,0.214285714285714
NS-IBTS,1996,0.113636363636364,0.0953573650004841,-2,-0.0235294117647059
NS-IBTS,1997,0.155555555555556,0.146603275085082,1,0.0120481927710843
NS-IBTS,1998,0.112359550561798,0.096281402407856,4,0.0476190476190476
NS-IBTS,1999,0.072289156626506,0.105767505131821,-8,-0.0909090909090909
NS-IBTS,2000,0.0952380952380952,0.0528960770985292,6,0.075
NS-IBTS,2001,0.150537634408602,0.107428986113014,2,0.0232558139534884
NS-IBTS,2002,0.157303370786517,0.0862874509880414,-6,-0.0681818181818182
NS-IBTS,2003,0.0930232558139535,0.142988184389473,5,0.0609756097560976
NS-IBTS,2004,0.113636363636364,0.0439931103112365,-4,-0.0459770114942529
NS-IBTS,2005,0.113636363636364,0.209725332838194,8,0.0963855421686747
NS-IBTS,2006,0.168421052631579,0.194182690324843,-4,-0.043956043956044
NS-IBTS,2007,0.0879120879120879,0.209932050371445,5,0.0574712643678161
NS-IBTS,2008,0.0860215053763441,0.0781586737190573,-3,-0.0326086956521739
NS-IBTS,2009,0.145833333333333,0.155077471769888,3,0.0337078651685393
NS-IBTS,2010,0.213592233009709,0.191301742945482,1,0.0108695652173913
NS-IBTS,2011,0.141414141414141,0.150420061203991,-1,-0.010752688172043
NS-IBTS,2012,0.144329896907216,0.0948572413446201,-2,-0.0217391304347826
NS-IBTS,2013,0.125,0.0723943239720447,11,0.122222222222222
NS-IBTS,2014,0.08,0.0451595115612158,-5,-0.0495049504950495
NS-IBTS,2015,0.135922330097087,0.0704843382345636,5,0.0520833333333333
NS-IBTS,2016,0.16,0.129235646456316,-9,-0.0891089108910891
NS-IBTS,2017,0.196078431372549,0.162738617104141,3,0.0326086956521739
NS-IBTS,2018,0.192307692307692,0.107778918088997,-1,-0.0105263157894737
NS-IBTS,2019,0.142857142857143,0.236602751469731,-3,-0.0319148936170213
NS-IBTS,2020,0.104166666666667,0.0242177842089466,4,0.043956043956044
NZ,1991,0.25,0.203181849694011,-42,-0.4
NZ,1992,0.173913043478261,0.140905901051942,41,0.650793650793651
NZ,1993,0.266666666666667,0.0597398902197132,6,0.0576923076923077
NZ,1994,0.228070175438597,0.0407720095403267,-9,-0.0818181818181818
NZ,1995,0.224299065420561,0.0213093627942973,-6,-0.0594059405940594
NZ,1996,0.303571428571429,0.0404400355456224,0,0
NZ,1997,0.24,0.0715573066065697,-7,-0.0736842105263158
NZ,1998,0.29126213592233,0.110602407474219,2,0.0227272727272727
NZ,1999,0.235294117647059,0.0345929237088049,6,0.0666666666666667
NZ,2000,,,,
NZ,2001,0.224137931034483,0.135350363774953,5,0.0485436893203884
NZ,2002,0.216666666666667,0.187943495939166,-1,-0.00925925925925926
NZ,2003,0.231404958677686,0.137926176493824,5,0.0467289719626168
NZ,2004,0.170940170940171,0.133672747806899,-5,-0.0446428571428571
NZ,2005,0.260162601626016,0.220161723159638,1,0.00934579439252336
NZ,2006,0.2,0.0657714288334724,3,0.0277777777777778
NZ,2007,0.238095238095238,0.0717516205081284,0,0
NZ,2008,0.265625,0.0590030100805128,4,0.036036036036036
NZ,2009,0.205128205128205,0.0889135232860225,-10,-0.0869565217391304
NZ,2010,0.234234234234234,0.263515059546379,-7,-0.0666666666666667
NZ,2011,0.218181818181818,0.075718245129978,11,0.112244897959184
NZ,2012,0.183333333333333,0.154445581172265,4,0.036697247706422
NZ,2013,0.172413793103448,0.111966260227996,-7,-0.0619469026548673
NZ,2014,0.216216216216216,0.0470593172693064,-7,-0.0660377358490566
NZ,2016,0.2,0.0517258758780495,11,0.111111111111111
NZ,2018,0.181818181818182,0.118916362165016,8,0.0727272727272727
NZ,2020,0.220338983050847,0.0721775696806176,-13,-0.110169491525424
Nor-BTS,1980,,,,
Nor-BTS,1981,0,0.0111050859479514,19,2.71428571428571
Nor-BTS,1982,0.484848484848485,0.0208251259493635,-1,-0.0384615384615385
Nor-BTS,1983,0.428571428571429,0.0437420441063345,-3,-0.12
Nor-BTS,1984,0.0869565217391304,0.0199776110199649,25,1.13636363636364
Nor-BTS,1985,0.0816326530612245,0.21200849740935,13,0.276595744680851
Nor-BTS,1986,0.2,0.180705645668209,-6,-0.1
Nor-BTS,1987,0.258064516129032,0.0412162780387491,3,0.0555555555555556
Nor-BTS,1988,0.2,0.103020121549261,-3,-0.0526315789473684
Nor-BTS,1989,0.169491525423729,0.0759860176416037,9,0.166666666666667
Nor-BTS,1990,0.166666666666667,0.0642376244242167,-8,-0.126984126984127
Nor-BTS,1991,0.19672131147541,0.0194498739155968,9,0.163636363636364
Nor-BTS,1992,0.27027027027027,0.0358430652292365,7,0.109375
Nor-BTS,1993,0.317073170731707,0.275647229811189,-2,-0.028169014084507
Nor-BTS,1994,0.253164556962025,0.238614278953108,0,0
Nor-BTS,1995,0.16,0.161681535285152,15,0.217391304347826
Nor-BTS,1996,0.268041237113402,0.0965681364575526,1,0.0119047619047619
Nor-BTS,1997,0.288659793814433,0.259288273085643,-2,-0.0235294117647059
Nor-BTS,1998,0.288659793814433,0.403935767749068,10,0.120481927710843
Nor-BTS,1999,0.261904761904762,0.411894759431578,-20,-0.21505376344086
Nor-BTS,2000,0.261904761904762,0.193144192136091,9,0.123287671232877
Nor-BTS,2001,0.217391304347826,0.0361850071919388,13,0.158536585365854
Nor-BTS,2002,0.19047619047619,0.0743199555303452,1,0.0105263157894737
Nor-BTS,2003,0.188679245283019,0.226663049906481,0,0
Nor-BTS,2004,0.171428571428571,0.240349024007358,5,0.0520833333333333
Nor-BTS,2005,0.288288288288288,0.0739089105605971,-6,-0.0594059405940594
Nor-BTS,2006,0.164383561643836,0.0215971827704786,-28,-0.294736842105263
Nor-BTS,2007,0.25974025974026,0.110300795790668,10,0.149253731343284
Nor-BTS,2008,0.121951219512195,0.356942707224306,21,0.272727272727273
Nor-BTS,2009,0.271844660194175,0.368703060484233,-9,-0.0918367346938776
Nor-BTS,2010,0.111111111111111,0.150355187168607,-21,-0.235955056179775
Nor-BTS,2011,0.186666666666667,0.284601527185814,15,0.220588235294118
Nor-BTS,2012,0.175824175824176,0.21972853901353,9,0.108433734939759
Nor-BTS,2013,0.164705882352941,0.0820131593149986,-14,-0.152173913043478
Nor-BTS,2014,0.186046511627907,0.112105648988656,5,0.0641025641025641
Nor-BTS,2015,0.21505376344086,0.140097736015493,6,0.072289156626506
Nor-BTS,2016,0.257425742574257,0.0702761963872112,-1,-0.0112359550561798
Nor-BTS,2017,0.307692307692308,0.193817628470337,3,0.0340909090909091
PT-IBTS,2002,,,,
PT-IBTS,2005,0.0689655172413793,0.407677417775799,12,0.214285714285714
PT-IBTS,2006,0.186666666666667,0.208179660837457,1,0.0147058823529412
PT-IBTS,2007,0.138888888888889,0.0979264988618881,-2,-0.0289855072463768
PT-IBTS,2008,0.166666666666667,0.257829834632551,-1,-0.0149253731343284
PT-IBTS,2009,0.166666666666667,0.117273542157594,6,0.0909090909090909
PT-IBTS,2010,0.164383561643836,0.128602091042365,-5,-0.0694444444444445
PT-IBTS,2011,0.115942028985507,0.184970470260849,-2,-0.0298507462686567
PT-IBTS,2013,0.142857142857143,0.368746309543055,4,0.0615384615384615
PT-IBTS,2014,0.171428571428571,0.323993401002184,-5,-0.072463768115942
PT-IBTS,2015,0.0895522388059701,0.186906095167093,12,0.1875
PT-IBTS,2016,0.0779220779220779,0.125972298846696,-2,-0.0263157894736842
PT-IBTS,2017,0.0779220779220779,0.126568284768345,5,0.0675675675675676
PT-IBTS,2018,0.147058823529412,0.229491599234486,-16,-0.20253164556962
ROCKALL,1999,,,,
ROCKALL,2001,0.173913043478261,0.132462848281823,-8,-0.275862068965517
ROCKALL,2002,0.173913043478261,0.229073117194313,3,0.142857142857143
ROCKALL,2003,0.16,0.07868611256868,-1,-0.0416666666666667
ROCKALL,2005,0,0.292332318399673,8,0.347826086956522
ROCKALL,2006,0.121212121212121,0.195974099926072,1,0.032258064516129
ROCKALL,2007,0.315789473684211,0.175895483542126,0,0
ROCKALL,2008,0.242424242424242,0.279893197917199,-3,-0.09375
ROCKALL,2009,0.242424242424242,0.0150942331185983,2,0.0689655172413793
ROCKALL,2011,0.277777777777778,0.12726185839179,12,0.387096774193548
ROCKALL,2012,0.181818181818182,0.205777570488327,-3,-0.0697674418604651
ROCKALL,2013,0.146341463414634,0.191004577510689,-2,-0.05
ROCKALL,2014,0.146341463414634,0.159664786422887,4,0.105263157894737
ROCKALL,2015,0.222222222222222,0.0959651267378801,-2,-0.0476190476190476
ROCKALL,2016,0.13953488372093,0.0408984770466967,3,0.075
ROCKALL,2017,0.157894736842105,0.259773638712783,-8,-0.186046511627907
ROCKALL,2018,0.256410256410256,0.190281485810963,-1,-0.0285714285714286
ROCKALL,2019,0.0571428571428571,0.152541194893654,6,0.176470588235294
ROCKALL,2020,0.114285714285714,0.167028508774701,-7,-0.175
S-GEORG,1990,,,,
S-GEORG,1991,0.173913043478261,0.30050333258604,1,0.0476190476190476
S-GEORG,1992,0,0.0887726313917462,-3,-0.136363636363636
S-GEORG,1994,0.1,0.0859411091939917,1,0.0526315789473684
S-GEORG,2000,0.0952380952380952,0.340102396795567,3,0.15
S-GEORG,2002,0.24,0.387856818493658,-1,-0.0434782608695652
S-GEORG,2003,0.166666666666667,0.6910456542018,29,1.31818181818182
S-GEORG,2004,0.2,0.649515978186524,-24,-0.470588235294118
S-GEORG,2005,0.2,0.61935855230567,2,0.0740740740740741
S-GEORG,2006,0.0952380952380952,0.1756995249941,-9,-0.310344827586207
S-GEORG,2008,0,0.199323172984516,2,0.1
S-GEORG,2009,0.173913043478261,0.0403886217734875,-1,-0.0454545454545455
S-GEORG,2010,0.173913043478261,0.00551080629840049,19,0.904761904761905
S-GEORG,2011,0.0833333333333333,0.439519689582301,-17,-0.425
S-GEORG,2012,0,0.317923830772527,-3,-0.130434782608696
S-GEORG,2013,0.0952380952380952,0.0628666996938464,1,0.05
S-GEORG,2015,0.173913043478261,0.260423104502482,0,0
S-GEORG,2017,0.25,0.447047615490463,0,0
S-GEORG,2019,0.173913043478261,0.465213090132111,9,0.428571428571429
SCS,1970,,,,
SCS,1971,0.108108108108108,0.201923291228404,1,0.0285714285714286
SCS,1972,0.166666666666667,0.185226910462194,-3,-0.0833333333333333
SCS,1973,0.166666666666667,0.0658920288268059,4,0.121212121212121
SCS,1974,0.195121951219512,0.207516797279278,6,0.162162162162162
SCS,1975,0.186046511627907,0.140238720073177,-4,-0.0930232558139535
SCS,1976,0.15,0.139343879455466,-2,-0.0512820512820513
SCS,1977,0.153846153846154,0.0821689758991588,-1,-0.027027027027027
SCS,1978,0.0540540540540541,0.163929826500573,2,0.0555555555555556
SCS,1979,0.19047619047619,0.111321968581282,0,0
SCS,1980,0.146341463414634,0.0983157004089135,0,0
SCS,1981,0.146341463414634,0.183451655483899,2,0.0526315789473684
SCS,1982,0.105263157894737,0.0459724478292991,-4,-0.1
SCS,1983,0.222222222222222,0.209683552087166,-2,-0.0476190476190476
SCS,1984,0.19047619047619,0.14929098222331,-2,-0.05
SCS,1985,0.146341463414634,0.137087425737832,6,0.157894736842105
SCS,1986,0.217391304347826,0.057744440710679,-3,-0.0681818181818182
SCS,1987,0.13953488372093,0.219843591386755,-1,-0.024390243902439
SCS,1988,0.0952380952380952,0.118361330760836,7,0.175
SCS,1989,0.166666666666667,0.0534880722883169,-3,-0.0638297872340426
SCS,1990,0.0952380952380952,0.141315113275823,-4,-0.0909090909090909
SCS,1991,0.105263157894737,0.110129053602883,6,0.166666666666667
SCS,1992,0.181818181818182,0.25059230252797,0,0
SCS,1993,0.0952380952380952,0.195152445906084,4,0.1
SCS,1994,0.177777777777778,0.2876388484148,-3,-0.0681818181818182
SCS,1995,0,0.236233032163196,40,0.975609756097561
SCS,1996,0.21978021978022,0.130385763098446,6,0.0740740740740741
SCS,1997,0.276595744680851,0.222588200201044,-6,-0.0689655172413793
SCS,1998,0.21978021978022,0.214696172849249,5,0.0617283950617284
SCS,1999,0.244897959183673,0.124058387574779,2,0.0232558139534884
SCS,2000,0.25531914893617,0.0473718035410657,-6,-0.0681818181818182
SCS,2001,0.258064516129032,0.0283525070355004,-1,-0.0121951219512195
SCS,2002,0.258064516129032,0.0952706148825835,2,0.0246913580246914
SCS,2003,0.175824175824176,0.082561407924034,2,0.0240963855421687
SCS,2004,0.222222222222222,0.35074163518909,-18,-0.2
SCS,2005,0.247422680412371,0.110060194907965,7,0.0823529411764706
SCS,2006,0.29126213592233,0.159156109114135,-4,-0.0434782608695652
SCS,2007,0.2,0.212192680903176,13,0.180555555555556
SCS,2008,0.163934426229508,0.184131603906592,32,0.571428571428571
SCS,2009,0.385321100917431,0.167999702470527,5,0.0568181818181818
SCS,2010,0.245283018867925,0.311446779752998,80,0.860215053763441
SCS,2011,0.205479452054795,0.221987316841812,-42,-0.242774566473988
SCS,2012,0.272,0.133047609261548,-23,-0.175572519083969
SCS,2013,0.363636363636364,0.0526812347820629,1,0.00925925925925926
SCS,2014,0.344827586206897,0.232316880273479,-13,-0.119266055045872
SCS,2015,0.38655462184874,0.137104441804806,1,0.0104166666666667
SCS,2016,0.383333333333333,0.0261532894892872,2,0.0206185567010309
SCS,2017,0.336134453781513,0.169218858077442,37,0.373737373737374
SCS,2018,0.276923076923077,0.196128207920426,-29,-0.341176470588235
SCS,2019,0.341085271317829,0.0299811703173394,-29,-0.213235294117647
SCS,2020,0.252427184466019,0.0550313196375528,-17,-0.158878504672897
SEUS,1989,,,,
SEUS,1990,0.24,0.311412717063617,5,0.0454545454545455
SEUS,1991,0.270676691729323,0.0743620809677644,0,0
SEUS,1992,0.188976377952756,0.123689438469055,13,0.11304347826087
SEUS,1993,0.225563909774436,0.378778649850996,-10,-0.078125
SEUS,1994,0.277372262773723,0.281063648333598,0,0
SEUS,1995,0.217054263565891,0.30587069952616,-3,-0.0254237288135593
SEUS,1996,0.130081300813008,0.196007794105071,9,0.0782608695652174
SEUS,1997,0.251968503937008,0.223230562352908,-13,-0.104838709677419
SEUS,1998,0.305343511450382,0.29345481338124,1,0.00900900900900901
SEUS,1999,0.263565891472868,0.16670983410641,0,0
SEUS,2000,0.193548387096774,0.096915653061657,14,0.125
SEUS,2001,0.19047619047619,0.149849646368252,-12,-0.0952380952380952
SEUS,2002,0.198347107438017,0.270296543118795,-5,-0.043859649122807
SEUS,2003,0.168067226890756,0.309674701994294,11,0.100917431192661
SEUS,2004,0.255639097744361,0.378626786202606,-4,-0.0333333333333333
SEUS,2005,0.222222222222222,0.304334403436662,-4,-0.0344827586206897
SEUS,2006,0.203389830508475,0.158125497564702,-6,-0.0535714285714286
SEUS,2007,0.256410256410256,0.346593118992874,-4,-0.0377358490566038
SEUS,2008,0.162162162162162,0.283550687170631,12,0.117647058823529
SEUS,2009,0.216666666666667,0.209349273626017,-7,-0.0614035087719298
SEUS,2010,0.198198198198198,0.152015264150106,-7,-0.0654205607476636
SEUS,2011,0.181818181818182,0.184779968905498,14,0.14
SEUS,2012,0.248062015503876,0.127696788747554,-1,-0.0087719298245614
SEUS,2013,0.234375,0.148297548501969,0,0
SEUS,2014,0.192,0.211894592394286,4,0.0353982300884956
SEUS,2015,0.213740458015267,0.140778939291372,6,0.0512820512820513
SEUS,2016,0.137931034482759,0.179670635670872,-15,-0.121951219512195
SEUS,2017,0.184873949579832,0.103280487214409,14,0.12962962962963
SEUS,2018,0.180327868852459,0.152546307273943,-11,-0.0901639344262295
SEUS,2019,0.18348623853211,0.0987428424599697,-12,-0.108108108108108
SWC-IBTS,1985,0.25,0.151245187991903,-11,-0.148648648648649
SWC-IBTS,1986,0.222222222222222,0.205033775626729,-7,-0.111111111111111
SWC-IBTS,1987,0.222222222222222,0.219626743159244,0,0
SWC-IBTS,1988,0.225806451612903,0.182551241971605,-1,-0.0178571428571429
SWC-IBTS,1989,0.0701754385964912,0.288489024189749,4,0.0727272727272727
SWC-IBTS,1990,0.169491525423729,0.139686865584998,-5,-0.0847457627118644
SWC-IBTS,1991,0.137931034482759,0.0677367381197555,2,0.037037037037037
SWC-IBTS,1992,0.222222222222222,0.23600832128951,1,0.0178571428571429
SWC-IBTS,1993,0.103448275862069,0.0815335435978651,-2,-0.0350877192982456
SWC-IBTS,1994,0.0701754385964912,0.238643807185174,6,0.109090909090909
SWC-IBTS,1995,0.0408163265306122,0.220664768894561,-13,-0.213114754098361
SWC-IBTS,1996,0.0408163265306122,0.204102714936163,15,0.3125
SWC-IBTS,1997,0.0909090909090909,0.332109050171456,7,0.111111111111111
SWC-IBTS,1998,0.136986301369863,0.190673631406743,-2,-0.0285714285714286
SWC-IBTS,1999,0.140845070422535,0.222959405139709,-2,-0.0294117647058824
SWC-IBTS,2000,0.140845070422535,0.0600192187982016,0,0
SWC-IBTS,2001,0.173913043478261,0.271894348324295,-3,-0.0454545454545455
SWC-IBTS,2002,0.225352112676056,0.259111724255947,3,0.0476190476190476
SWC-IBTS,2003,0.166666666666667,0.311713702575433,7,0.106060606060606
SWC-IBTS,2004,0.151898734177215,0.370459087104444,1,0.0136986301369863
SWC-IBTS,2005,0.0645161290322581,0.31725445563399,-14,-0.189189189189189
SWC-IBTS,2006,0.235294117647059,0.022886172689823,4,0.0666666666666667
SWC-IBTS,2007,0.246575342465753,0.0624919268185561,3,0.046875
SWC-IBTS,2008,0.228571428571429,0.10551239868031,-5,-0.0746268656716418
SWC-IBTS,2009,0.231884057971015,0.116583369039632,-1,-0.0161290322580645
SWC-IBTS,2010,0.123076923076923,0.368328652882588,6,0.0983606557377049
SWC-IBTS,2011,,,,
SWC-IBTS,2012,0.2,0.272436623535382,1,0.0138888888888889
SWC-IBTS,2013,0.197530864197531,0.29237163144004,1,0.0136986301369863
SWC-IBTS,2014,0.186666666666667,0.115590021602659,-6,-0.0810810810810811
SWC-IBTS,2015,0.186666666666667,0.311998323010087,3,0.0441176470588235
SWC-IBTS,2016,0.121212121212121,0.166854738952121,-9,-0.126760563380282
SWC-IBTS,2017,0.184615384615385,0.16110444885044,-3,-0.0483870967741936
SWC-IBTS,2018,0.0967741935483871,0.0765127776280289,4,0.0677966101694915
SWC-IBTS,2019,0.173913043478261,0.108783334618607,7,0.111111111111111
SWC-IBTS,2020,0.227848101265823,0.195476290834175,4,0.0571428571428571
WCANN,2003,,,,
WCANN,2004,0.267241379310345,0.0752548549547513,-8,-0.0382775119617225
WCANN,2005,0.189189189189189,0.105415212493384,13,0.0646766169154229
WCANN,2006,0.253061224489796,0.144830162896856,0,0
WCANN,2007,0.233333333333333,0.12324566825198,-2,-0.00934579439252336
WCANN,2008,0.247933884297521,0.0678895551493949,0,0
WCANN,2009,0.219298245614035,0.132793997497504,-9,-0.0424528301886792
WCANN,2010,0.179372197309417,0.121808252698897,17,0.083743842364532
WCANN,2011,0.210084033613445,0.0689281046561515,-7,-0.0318181818181818
WCANN,2012,0.210084033613445,0.0956829576788917,3,0.0140845070422535
WCANN,2013,0.158415841584158,0.169278273978335,-30,-0.138888888888889
WCANN,2014,0.167487684729064,0.145279522862441,23,0.123655913978495
WCANN,2015,0.251046025104603,0.119252466512667,5,0.0239234449760766
WCANN,2016,0.253061224489796,0.137465472629596,3,0.014018691588785
WCANN,2017,0.199170124481328,0.167477491550702,2,0.00921658986175115
WCANN,2018,0.212244897959184,0.160466997807529,3,0.0136986301369863
WCTRI,1977,,,,
WCTRI,1980,0.327272727272727,0.246862437539952,-16,-0.148148148148148
WCTRI,1983,0.294117647058824,0.327070889273902,-31,-0.210884353741497
WCTRI,1986,0.247619047619048,0.229545683954512,2,0.0217391304347826
WCTRI,1989,0.192307692307692,0.0518409908675074,19,0.202127659574468
WCTRI,1992,0.287671232876712,0.220280060108699,-27,-0.177631578947368
WCTRI,1995,0.263888888888889,0.261953037815673,22,0.176
WCTRI,1998,0.234375,0.231742192518952,39,0.345132743362832
WCTRI,2001,0.335195530726257,0.0760705975658698,6,0.0402684563758389
WCTRI,2004,0.366197183098592,0.278650906211439,33,0.28448275862069
