ref_yr,survey,year,wt,wt_med,depth_wt,wt_mt,wt_mt_log,depth_wt_log,CTI,cti_log
EBS-6-1982,EBS,1982,18581.343292307705,5916.31,72.55448430053636,18.581343292307704,NA,NA,5.574069973893521,NA
NEUS-9-1982,NEUS,1982,2588.4117844911943,7.8125,55.36421091202871,2.5884117844911945,NA,NA,13.88488497143691,NA
Nor-BTS-8-1982,Nor-BTS,1982,501.8776413850376,59.69367431781395,294.06875457464446,0.5018776413850375,NA,NA,4.201799003801605,NA
NS-IBTS-1-1982,NS-IBTS,1982,2561.1548411523854,277.54718988491493,74.87322166234006,2.5611548411523852,NA,NA,7.816456517492224,NA
SCS-6-1982,SCS,1982,2333.877575763333,174.76092908965848,116.5667449237336,2.3338775757633328,NA,NA,8.281709067469718,NA
EBS-6-1983,EBS,1983,26618.454351585086,9478.21,79.20773334123984,26.618454351585086,0.3594467193262623,0.08773615003726871,5.669468802959158,0.016969945202007376
NEUS-9-1983,NEUS,1983,3897.7340919631683,2.60416666666667,58.823946583799646,3.8977340919631684,0.4093509052280176,0.06061565424631666,14.812477595425404,0.06466907000080623
Nor-BTS-8-1983,Nor-BTS,1983,198.49250489511064,28.2927440976657,281.1858395699345,0.19849250489511064,-0.9276050070213161,-0.04479779757495982,4.1477121414290385,-0.012955876815067251
NS-IBTS-1-1983,NS-IBTS,1983,2750.812410802836,418.8048889880987,80.43389238285593,2.750812410802836,0.07143802356290842,0.07163932900920013,7.971316833522153,0.019618381826635476
SCS-6-1983,SCS,1983,2048.8060123938367,191.4486381116048,113.88910558267067,2.0488060123938365,-0.13027388945339705,-0.023238809839710266,8.76956924660718,0.05723833227293552
EBS-6-1984,EBS,1984,22306.63715517243,7052.645,83.16248872801792,22.306637155172428,-0.17672048339490465,0.048722452275285225,5.649822126906517,-0.003471365106440118
NEUS-9-1984,NEUS,1984,4296.99648266232,5.20833333333334,54.65246709728161,4.29699648266232,0.09752090400815616,-0.07355466963014883,15.22049701247054,0.02717310077273853
Nor-BTS-8-1984,Nor-BTS,1984,583.5028130490996,73.81203213119204,193.92738020462477,0.5835028130490996,1.0782979320078894,-0.3715320413777178,5.111445696807201,0.2089253884252953
NS-IBTS-1-1984,NS-IBTS,1984,2747.347760358846,476.8681427490949,80.83386385128873,2.7473477603588456,-0.0012602946421060642,0.004960350387245781,8.134711227564088,0.020290539573719023
SCS-6-1984,SCS,1984,2340.678216816236,282.6060679851492,131.80752176805646,2.3406782168162357,0.1331835331297287,0.14611747308878176,8.110223516522474,-0.07816226013087509
EBS-6-1985,EBS,1985,19656.380416666678,6296.280000000001,84.18615313237495,19.65638041666668,-0.12648227571089096,0.012234066088637596,5.757085719662347,0.01880733252433448
GSL-S-8-1985,GSL-S,1985,9083.693055574857,2890.84357809529,NA,9.083693055574857,NA,NA,5.8699447828253675,NA
NEUS-9-1985,NEUS,1985,3419.3629322657553,21.953125,65.15192683175837,3.4193629322657553,-0.22846202962842918,0.17572752125308155,15.324588718355297,0.006815637038875072
Nor-BTS-8-1985,Nor-BTS,1985,584.2798735380818,164.74406057220736,209.96859176766813,0.5842798735380818,0.0013308308345304437,0.07947419637804408,4.9151251887675755,-0.0391650553979761
NS-IBTS-1-1985,NS-IBTS,1985,3697.0951842138293,429.2141044803866,86.83536773827949,3.697095184213829,0.2969114304436935,0.07161801630199159,7.400051099080925,-0.0946533370398506
SCS-6-1985,SCS,1985,2348.191403557896,179.67312614990811,134.70985508335562,2.3481914035578964,0.0032046927212835002,0.02178055394199582,9.070017135221985,0.11184872499038553
EBS-6-1986,EBS,1986,20207.452672413787,4546.924999999999,87.09006934142228,20.207452672413787,0.027649491794023127,0.03391240729352496,5.840351105998626,0.014359520699454772
GSL-S-8-1986,GSL-S,1986,8746.888179208838,2450.2786138785896,NA,8.746888179208838,-0.037782833651634165,NA,6.087713361486433,0.03642730978725694
NEUS-9-1986,NEUS,1986,3370.371194624414,7.8125,74.66834147176124,3.370371194624414,-0.014431371536117737,0.13633431491244552,15.493546212453301,0.010964919666922547
Nor-BTS-8-1986,Nor-BTS,1986,558.5640012606907,124.7616074538825,178.4655567870866,0.5585640012606907,-0.0450108966820317,-0.16256233309601076,5.296319132513332,0.07469485194844018
NS-IBTS-1-1986,NS-IBTS,1986,4149.530899977578,303.012638326827,80.62043869858866,4.149530899977578,0.11544786574188846,-0.07426180186412858,7.436593439662272,0.004925967509435981
SCS-6-1986,SCS,1986,1959.2920286654394,170.1544548705014,133.20296020934234,1.9592920286654394,-0.1810622182168799,-0.011249262289159609,9.420018311460082,0.037862879133226716
EBS-6-1987,EBS,1987,21605.636618075845,6127.75,84.41027760172987,21.605636618075845,0.06690275464506239,-0.03125369618793104,5.874520559608442,0.0058335339019184905
GSL-S-8-1987,GSL-S,1987,6928.850269847541,2119.5015446145526,NA,6.928850269847541,-0.23300410724301568,NA,5.667478605153889,-0.0715282085228256
NEUS-9-1987,NEUS,1987,2807.947503209272,2.60416666666667,64.38879476473731,2.807947503209272,-0.18256909452087378,-0.14811656972558543,14.599579558110323,-0.05943083291768804
Nor-BTS-8-1987,Nor-BTS,1987,1027.4867059114003,95.25608652052149,197.7378999193342,1.0274867059114003,0.6095018011410005,0.10254679257389124,5.2870026636374,-0.001760594917531053
NS-IBTS-1-1987,NS-IBTS,1987,4074.2481665825276,466.6416082575261,75.53617220590719,4.074248166582527,-0.018309061030919355,-0.06514055564725572,7.415867444887746,-0.002790919079191596
SCS-6-1987,SCS,1987,2046.5256482237628,88.49773000026428,145.81316950765327,2.0465256482237626,0.04356035147193104,0.09045215968346253,10.20643882978009,0.08018174647428307
EBS-6-1988,EBS,1988,26258.44838983052,6421.129999999999,90.96848687729236,26.25844838983052,0.19503354549130963,0.07482398176951796,5.871461339614127,-5.208964375620812e-4
GMEX-6-1988,GMEX,1988,545.9378527399753,14.2966844213422,60.99914301659626,0.5459378527399753,NA,NA,24.933520553546938,NA
GSL-S-8-1988,GSL-S,1988,9544.210768178178,2186.501530266308,NA,9.544210768178178,0.32024087518179106,NA,6.305136970957135,0.10662036497477957
NEUS-9-1988,NEUS,1988,3522.5093951134863,44.2708333333333,75.05385385821542,3.5225093951134863,0.22671984140866494,0.15326628366842737,14.641567040015177,0.00287181014744928
Nor-BTS-8-1988,Nor-BTS,1988,573.6890635256178,78.42595205592161,230.3954470098764,0.5736890635256178,-0.5827834596293516,0.1528547513860416,4.79941362044949,-0.09675773301698364
NS-IBTS-1-1988,NS-IBTS,1988,5889.307616207244,739.5757395060141,78.3439466734898,5.889307616207244,0.36845220765441405,0.03649706215976379,7.05908032596802,-0.049307176321485555
SCS-6-1988,SCS,1988,2577.6549350956966,122.97586189285151,133.7903137869442,2.5776549350956968,0.23073649611400698,-0.08605238948469819,9.93555879049691,-0.02689865989043411
EBS-6-1989,EBS,1989,24340.9741690141,6421.05,88.75924000741023,24.340974169014103,-0.07582667054305992,-0.02458561279438105,5.9162110261132685,0.007592661229441732
GMEX-6-1989,GMEX,1989,691.0045966796298,7.109356655528895,53.46490521809377,0.6910045966796298,0.23564132951315248,-0.1318343537434987,24.755828527141865,-0.007152147780233124
GSL-S-8-1989,GSL-S,1989,7110.917937406168,2294.446183860199,NA,7.1109179374061675,-0.2943034277905183,NA,6.2871184593857175,-0.0028618421805267557
NEUS-9-1989,NEUS,1989,3184.6876406106526,2.60416666666667,55.628400405296816,3.184687640610653,-0.1008194197661959,-0.29951203780385904,16.026669147991793,0.09038961532622633
Nor-BTS-8-1989,Nor-BTS,1989,682.3096359464474,222.8677273174609,230.35745015041834,0.6823096359464474,0.17339601809144273,-1.6493378458769234e-4,5.127221662849403,0.06607017823764982
NS-IBTS-1-1989,NS-IBTS,1989,4296.406314327596,757.4414833706047,70.18684750241478,4.296406314327596,-0.3153595059076717,-0.10994776978429421,7.697377082411498,0.0865648546050102
SCS-6-1989,SCS,1989,1955.5645911949896,84.55205936466263,158.06035217439822,1.9555645911949895,-0.27620110051714536,0.16670318402814865,8.242231493408319,-0.18684899949677822
EBS-6-1990,EBS,1990,26124.95954545457,4666.38,96.09754805775172,26.12495954545457,0.07073005164822599,0.07943626546753181,5.92677887651819,0.0017846596673134806
GMEX-6-1990,GMEX,1990,829.1674670069649,15.200090359303971,53.1529706811613,0.8291674670069649,0.18227566963951222,-0.00585146579492686,24.546887189730832,-0.00847590585024242
GSL-S-8-1990,GSL-S,1990,6655.027245313834,1814.17357148257,NA,6.655027245313834,-0.06625879480201571,NA,5.764656879718564,-0.08675721705950105
NEUS-9-1990,NEUS,1990,4881.515575401248,10.41666666666666,58.667871659370505,4.881515575401248,0.42710152818535607,0.05319837630773872,15.425901472550276,-0.038206145995124986
Nor-BTS-8-1990,Nor-BTS,1990,1117.5522335693192,316.8035361445598,228.08191340109528,1.1175522335693193,0.4934125003813931,-0.009927399864309232,4.384033280622608,-0.15659478528291018
NS-IBTS-1-1990,NS-IBTS,1990,3664.6798769756324,759.2940535390594,75.98145846957097,3.6646798769756326,-0.1590379468777414,0.07932840705307813,7.961696863082991,0.033762518710882206
SCS-6-1990,SCS,1990,1536.1891324399494,91.3792442823062,127.92836312822367,1.5361891324399495,-0.24137418495050197,-0.21150649169108224,8.023157217044439,-0.026939107193006608
SEUS-4-1990,SEUS,1990,6352.054091247796,415.0687103436553,7.73403667698903,6.352054091247797,NA,NA,22.823807743172686,NA
SWC-IBTS-2-1990,SWC-IBTS,1990,3766.745880804122,514.6601904146986,113.01728217989614,3.766745880804122,NA,NA,9.690291220488865,NA
EBS-6-1991,EBS,1991,21302.9742776204,6218.28,88.59687317039993,21.3029742776204,-0.20404446137048382,-0.08126723570545187,5.8233598535942805,-0.017603484679208404
GMEX-6-1991,GMEX,1991,1149.0880438907018,21.032911888261694,56.624435446536765,1.1490880438907018,0.32630175585111904,0.06326661808647023,23.45882999245662,-0.0453380819483983
GSL-S-8-1991,GSL-S,1991,5614.29317686894,1181.4123463962114,NA,5.61429317686894,-0.17005684676788635,NA,5.516238597780129,-0.0440494195455293
NEUS-9-1991,NEUS,1991,5062.517527376453,2.60416666666667,57.40032666153404,5.062517527376452,0.036408154246147385,-0.021842251530648116,16.381365353374342,0.06009641946947011
Nor-BTS-8-1991,Nor-BTS,1991,1595.6329119628895,360.4124663873533,237.10562359021316,1.5956329119628894,0.35612967967432385,0.03880087727541907,4.465692362930899,0.018455125793617095
NS-IBTS-1-1991,NS-IBTS,1991,3826.8678181672117,490.1846275866908,76.73443539194191,3.8268678181672118,0.04330568102328018,0.009861226689407991,8.134449531928965,0.02146592085494769
SCS-6-1991,SCS,1991,1823.209329281264,67.3044343095631,135.61576174498623,1.823209329281264,0.1712935556739229,0.058355161619676285,8.704271979540467,0.08148192490262458
SEUS-4-1991,SEUS,1991,5895.659167648817,972.6261142089547,8.170673323593576,5.895659167648817,-0.07456189370367022,0.054920384145452715,22.569153948408538,-0.011220085969551442
SWC-IBTS-2-1991,SWC-IBTS,1991,7884.305748896593,1131.6193975115532,111.07405287904956,7.884305748896593,0.738662702343123,-0.01734362473752904,6.954732342183568,-0.33170213875976023
EBS-6-1992,EBS,1992,20084.65807121661,4663.33,89.6917322430568,20.084658071216612,-0.05889045683441215,0.012282028155544147,5.932668302412272,0.018596688879937495
GMEX-6-1992,GMEX,1992,832.615694664925,61.12427607114975,71.36163912882199,0.8326156946649249,-0.3221517166805356,0.23131984414810805,24.142555095761374,0.02872908542569382
GSL-S-8-1992,GSL-S,1992,4103.113962185663,919.370492331925,NA,4.103113962185663,-0.313569510626368,NA,6.012479901482536,0.08614107806181134
NEUS-9-1992,NEUS,1992,4163.929735655737,7.8125,47.447066090289105,4.163929735655737,-0.19540461825626929,-0.19043530273866546,15.581104853771421,-0.050085477053478926
Nor-BTS-8-1992,Nor-BTS,1992,1668.0213188547173,401.97964319617023,201.42532045875228,1.6680213188547173,0.04436761740621904,-0.16308701639096812,5.101536306564659,0.13311746415554532
NS-IBTS-1-1992,NS-IBTS,1992,4109.99163546996,550.0249511569807,78.17727374962615,4.10999163546996,0.071374326775692,0.018628418596323915,8.430609177410775,0.035760960693880364
SCS-6-1992,SCS,1992,1442.7453374201273,62.495000399968035,137.3143888228412,1.4427453374201273,-0.23405053304533524,0.012447499892605062,9.458646679338909,0.08311537840300179
SEUS-4-1992,SEUS,1992,5777.015372388228,742.6711813914321,8.362723134271796,5.777015372388227,-0.02032916807011022,0.023232788196861413,21.83778019689111,-0.03294259808138293
SWC-IBTS-2-1992,SWC-IBTS,1992,4836.097500210397,695.0970209009657,127.46313615536292,4.836097500210397,-0.4887660755910153,0.13763007267379945,9.873930389280211,0.3504756495057605
EBS-6-1993,EBS,1993,23408.03301408448,7984.99,79.6096342932098,23.40803301408448,0.15312301107337148,-0.11924347425271627,5.95059129005902,0.003016512615566684
GMEX-6-1993,GMEX,1993,938.0044671785604,9.666644608098572,59.76808020811291,0.9380044671785603,0.11918252667608885,-0.17728871519900613,24.455706249298682,0.012887518157318544
GSL-S-8-1993,GSL-S,1993,3702.0882936366233,746.3715358145649,NA,3.7020882936366233,-0.10284912428605038,NA,7.316080679124865,0.19623746559475924
NEUS-9-1993,NEUS,1993,2448.4441158067107,5.20833333333333,65.7401843910017,2.4484441158067107,-0.5310065083170425,0.326095681546461,15.455120467978888,-0.008118582493163374
Nor-BTS-8-1993,Nor-BTS,1993,2834.688375185323,648.9381750928245,235.2523265406787,2.834688375185323,0.5302939256256184,0.15523997344860252,4.6283271085209625,-0.09734624379526201
NS-IBTS-1-1993,NS-IBTS,1993,5451.230586117726,731.2258318825263,80.10215847725318,5.451230586117726,0.28242038546447773,0.024323812691300264,7.866753267852888,-0.069223600512740735
SCS-6-1993,SCS,1993,1555.6084378525397,27.13896623651901,148.20562046978813,1.5556084378525397,0.07531896459080752,0.07632753133889399,9.514524999452021,0.005890262589525437
SEUS-4-1993,SEUS,1993,4116.4541205488895,114.00015747419374,8.382954783490122,4.116454120548889,-0.33889503532237747,0.0024163439857843084,24.72903584771299,0.12433658724598678
SWC-IBTS-2-1993,SWC-IBTS,1993,5877.063390723119,1597.8786459774892,124.60755828678204,5.8770633907231185,0.19494911992761108,-0.022657929678489352,8.594404233295787,-0.13878666897658234
EBS-6-1994,EBS,1994,24693.25528089885,7485.735,79.8605180875211,24.69325528089885,0.05345088614118649,0.0031464697004503794,6.020922711086294,0.011749930741725208
GMEX-6-1994,GMEX,1994,1133.8852854589963,44.99387667031917,79.47892383695154,1.1338852854589963,0.1896506085181504,0.28502013488001526,25.066406705483118,0.024664998321644902
GSL-S-8-1994,GSL-S,1994,3393.1350342996548,804.5191954477078,NA,3.3931350342996547,-0.08714278120236549,NA,5.841222511456838,-0.22513464914591713
NEUS-9-1994,NEUS,1994,2978.055853545586,7.8125,79.6984532273103,2.978055853545586,0.19581792142280785,0.19253980508671972,16.276350090795933,0.05177276923036915
Nor-BTS-8-1994,Nor-BTS,1994,1573.8985175076523,522.9293015871317,219.83285465282552,1.5738985175076523,-0.5883763369163149,-0.06779116205198066,4.946177610749704,0.06641959127848204
NS-IBTS-1-1994,NS-IBTS,1994,3883.2140337037868,430.80839668080534,77.97698310879031,3.8832140337037866,-0.339178208868035,-0.02688910619918927,7.799115964455555,-0.008635042546218856
SCS-6-1994,SCS,1994,1553.1786170844289,36.32192517192759,101.68893711355392,1.5531786170844288,-0.001563195690126543,-0.3766821195137009,10.480149320916736,0.09666334870314303
SEUS-4-1994,SEUS,1994,3777.645216684555,159.3099704087566,8.2776756963588909,3.7776452166845553,-0.085891285473935,-0.012638235817473257,21.931622379476604,-0.1200485540148642
SWC-IBTS-2-1994,SWC-IBTS,1994,6552.47107313811,883.513216546466,130.0970144301662,6.55247107313811,0.10878502776511141,0.043111172064715354,10.82466623827914,0.23071611998717798
EBS-6-1995,EBS,1995,22996.256264044954,4373.115,80.77733234553371,22.996256264044955,-0.07119870924208009,0.011414796829138343,6.026709714823308,9.606873744997144e-4
GMEX-6-1995,GMEX,1995,795.7544957466524,54.05878171738465,70.09310141753517,0.7957544957466525,-0.35411460411994994,-0.12566749893713366,25.207405128965263,0.005609234232659963
GSL-S-8-1995,GSL-S,1995,4184.759467834057,868.6470484270052,NA,4.184759467834057,0.20969494454159346,NA,6.505359511375878,0.10768626828036112
NEUS-9-1995,NEUS,1995,3698.2168328414514,5.20833333333334,65.7430456203476,3.6982168328414513,0.21658007693732736,-0.19249628274024091,15.695228611361024,-0.03635638348184688
Nor-BTS-8-1995,Nor-BTS,1995,8118.302550171983,166.793009768518,260.0647355049885,8.118302550171983,1.6405654131230576,0.16806307671917048,5.468948312769507,0.10047125494055184
NS-IBTS-1-1995,NS-IBTS,1995,4530.4309927688155,571.3529719761946,81.28470052303201,4.530430992768816,0.15415390692375563,0.04154411860248522,7.5732405651764925,-0.029389333588675463
SCS-6-1995,SCS,1995,1623.3114466930015,12.87339953160663,200.56361346845557,1.6233114466930014,0.04416461403210326,0.6792129530561969,8.777421912311109,-0.1773001942969451
SEUS-4-1995,SEUS,1995,5254.449406213372,362.3231286569137,8.38749276609171,5.2544494062133715,0.3299743666554186,0.013179423844677579,22.483013931907756,0.02483054813705244
SWC-IBTS-2-1995,SWC-IBTS,1995,6766.778873819077,1561.613084391913,138.31764173413055,6.766778873819076,0.03218293800408036,0.06127235489544177,9.911837637333777,-0.08809767714327504
EBS-6-1996,EBS,1996,18228.005505617984,5231.955,77.38587078246296,18.228005505617986,-0.23237225610861809,-0.04289216998864899,6.053358623216579,0.004412053123703514
GMEX-6-1996,GMEX,1996,849.5466675244875,81.82595868057093,68.64942331953687,0.8495466675244875,0.06541215904438252,-0.020811646725776522,25.70510660508383,0.01955186707507619
GSL-S-8-1996,GSL-S,1996,3157.3172707324948,713.433204472739,NA,3.1573172707324946,-0.2817265253932175,NA,5.817161986360293,-0.11181386576371623
NEUS-9-1996,NEUS,1996,3675.634919249854,5.20833333333334,60.56388911273484,3.675634919249854,-0.006124881526212129,-0.08205506919717101,16.172741878215355,0.02997046890687479
Nor-BTS-8-1996,Nor-BTS,1996,5667.446055709234,378.03192291672786,156.15833466406474,5.6674460557092345,-0.3593825016019407,-0.5100601244206706,5.888588903834337,0.07393006068732422
NS-IBTS-1-1996,NS-IBTS,1996,4098.608009602372,570.5150890950483,80.2200651692299,4.098608009602372,-0.10016967065014688,-0.013184140673198981,8.064931452984453,0.0629041564277509
SCS-6-1996,SCS,1996,1662.882985182914,52.40992915434428,169.79843111164877,1.6628829851829139,0.024084668239259546,-0.1665194363733007,9.60378292043447,0.08997434239321911
SEUS-4-1996,SEUS,1996,1200.1818479479598,16.81394142779788,8.14147241317217,1.2001818479479598,-1.4766021383489871,-0.029770590038831587,23.47041534510547,0.042980618815112906
SWC-IBTS-2-1996,SWC-IBTS,1996,9847.212275181,1851.6471900348072,128.033329173367,9.847212275181,0.37516321779885375,-0.07726217768882898,11.551746032619107,0.15310683341944023
EBS-6-1997,EBS,1997,18091.25137254903,4611.379999999999,80.72932472580636,18.09125137254903,-0.00753070360560442,0.04229767286993186,5.969506421671892,-0.013949014790702192
EVHOE-10-1997,EVHOE,1997,5249.434690690721,266.46998975538725,157.21276880987176,5.249434690690721,NA,NA,15.411374664201945,NA
GMEX-6-1997,GMEX,1997,1115.2519377610593,58.18632429654523,58.92841006901414,1.1152519377610592,0.27213273663162507,-0.15268941338773503,24.383468440787635,-0.05278429299150472
GSL-S-8-1997,GSL-S,1997,3045.039136375973,436.53141929987436,NA,3.0450391363759732,-0.03620894831801415,NA,5.866878431092018,0.008510197330398707
NEUS-9-1997,NEUS,1997,3124.835223634608,55.9895833333334,64.32675502989638,3.124835223634608,-0.16234433152384675,0.0602768153533159,15.507050345462558,-0.042032443461828224
Nor-BTS-8-1997,Nor-BTS,1997,1684.700126113879,80.7278093986873,311.5259881987035,1.684700126113879,-1.2131510039048796,0.6906123056415058,4.3627191110290715,-0.2999208817689357
NS-IBTS-1-1997,NS-IBTS,1997,4023.519694458331,346.62256353686956,84.18266016872627,4.023519694458331,-0.01849034076129695,0.0482152910791949,8.10136236435529,0.004507028444713047
SCS-6-1997,SCS,1997,1652.18661777793,17.92196045750293,171.71422131296654,1.65218661777793,-0.0064532005694146535,0.011219556781082713,10.761150842944252,0.11378542961150943
SEUS-4-1997,SEUS,1997,2906.233887969225,262.8437316517444,6.541191672148749,2.906233887969225,0.8843849611440258,-0.21885168805847077,23.232075487371507,-0.010206818636528687
SWC-IBTS-2-1997,SWC-IBTS,1997,8479.869049983545,1026.0184995463967,95.45629709151935,8.479869049983545,-0.14949338991313688,-0.29362209352505914,8.170462127163175,-0.34631112601335823
EBS-6-1998,EBS,1998,14589.23196629214,5669.399999999999,76.33993027657398,14.58923196629214,-0.2151447517927208,-0.05590575478239385,5.981423010738253,0.001994253766313477
EVHOE-10-1998,EVHOE,1998,4121.506737286844,424.66436001606303,141.4861508598909,4.121506737286844,-0.24190158340371232,-0.10539826471066091,14.729501033880666,-0.04525349557838512
FR-CGFS-10-1998,FR-CGFS,1998,2073.5965483789087,268.5846995159867,25.901322260045934,2.0735965483789087,NA,NA,14.37331906139136,NA
GMEX-6-1998,GMEX,1998,695.237404524473,10.442020371486223,57.43888635378938,0.695237404524473,-0.4725822350392682,-0.025601781931995894,24.97687069096593,0.024044844512498473
GSL-S-8-1998,GSL-S,1998,2486.0633684622117,405.60678082283005,NA,2.4860633684622115,-0.2028132708546318,NA,5.911694480469048,0.007609795513315081
NEUS-9-1998,NEUS,1998,4906.5567345864665,44.27083333333337,52.06739984421366,4.9065567345864665,0.45119086638447603,-0.21143661143391915,15.964491320480523,0.02907218198579376
Nor-BTS-8-1998,Nor-BTS,1998,2510.1278878594608,155.5736664759682,479.0084625404536,2.510127887859461,0.39874612191576936,0.430235500397116,4.3077576194962734,-0.01267801746366368
NS-IBTS-1-1998,NS-IBTS,1998,3746.833681959125,385.5231918326125,76.39101466396617,3.746833681959125,-0.07124593361010449,-0.09712388365650625,8.096821556730994,-5.606564001696653e-4
SCS-6-1998,SCS,1998,1168.3513309240454,15.150175554317943,167.78834209191652,1.1683513309240454,-0.34650599727567316,-0.023128274389260572,8.439208903786689,-0.24305393224231334
SEUS-4-1998,SEUS,1998,3359.86271317684,178.41401774246424,8.125041298565403,3.35986271317684,0.1450420675532005,0.21683144936610024,22.957235826494713,-0.011900714549652528
SWC-IBTS-2-1998,SWC-IBTS,1998,5351.35738093006,1532.8576608530857,117.48479988846437,5.35135738093006,-0.46034476267652613,0.20764044189736292,10.426807028261234,0.24385461752365678
EBS-6-1999,EBS,1999,14815.70692307692,3266.655,97.34072904550104,14.815706923076918,0.015404176553287179,0.24302136006866726,6.101192115416132,0.019825679526226547
EVHOE-10-1999,EVHOE,1999,7367.903481704641,374.02071982078684,152.6373051292495,7.367903481704642,0.5809143897686796,0.07586271395680083,15.213643481404318,0.032340266955061106
FR-CGFS-10-1999,FR-CGFS,1999,2321.29620793521,211.12619495777312,28.368120782472626,2.32129620793521,0.11284117735511259,0.09097198711038088,14.879479776367116,0.034609422541866865
GMEX-6-1999,GMEX,1999,832.15990936147,24.201542763972824,67.70863180326748,0.83215990936147,0.17977124462484656,0.16449213601662424,24.28461674801601,-0.02810713002576659
GOA-5-1999,GOA,1999,17462.501921154486,2596.07,186.5561080317338,17.462501921154487,NA,NA,7.338243656576939,NA
GSL-S-8-1999,GSL-S,1999,3620.3201675059,375.964041260966,NA,3.6203201675059,0.37586198309587554,NA,6.860935607547774,0.14891131393126017
NEUS-9-1999,NEUS,1999,4377.773803804219,78.125,67.45631699227918,4.377773803804219,-0.11403208853892334,0.2589412025596072,15.586734761546028,-0.02394674677408179
Nor-BTS-8-1999,Nor-BTS,1999,2101.014784848954,514.2880617946255,197.79049753846382,2.101014784848954,-0.17791324429275837,-0.8845098870753011,4.730704301079734,0.0936565974542781
NS-IBTS-1-1999,NS-IBTS,1999,3337.6115658168465,389.2181387969011,80.01474521535766,3.3376115658168466,-0.1156556807114924,0.046345852736303664,8.557580904596602,0.05534596134461666
SCS-6-1999,SCS,1999,2064.3558297601367,36.75243750286186,129.6684886971734,2.0643558297601365,0.5692245947003739,-0.2577222101004638,9.705858600512324,0.13984111018548795
SEUS-4-1999,SEUS,1999,2513.3130720515733,176.80413478431046,8.522626704103814,2.5133130720515733,-0.2902982821654754,0.04777378082746867,23.317233905075636,0.015559566370153842
SWC-IBTS-2-1999,SWC-IBTS,1999,6810.503589190175,1049.9872210311546,126.42451443683807,6.8105035891901755,0.24111582112431051,0.07333644367281884,10.725223142272547,0.028218181695789137
EBS-6-2000,EBS,2000,17919.463791946284,4824.415,86.51879967060916,17.919463791946285,0.19019958817632102,-0.11785576650177812,5.938582967639987,-0.027013633563508076
EVHOE-10-2000,EVHOE,2000,5134.510796608557,430.603516623094,159.99696909251622,5.1345107966085575,-0.36114862879560383,0.0470903194141769,14.109763365052997,-0.07532562771546761
FR-CGFS-10-2000,FR-CGFS,2000,1408.9968261363651,101.0289400600509,25.645844127111644,1.4089968261363652,-0.4992477596252956,-0.10088447086925033,14.989953684652681,0.00739715483194295
GMEX-6-2000,GMEX,2000,769.7502641639387,31.849656507558276,70.56936407945707,0.7697502641639387,-0.07795849111913795,0.041382441192374435,24.88407095138926,0.024384783689269857
GSL-S-8-2000,GSL-S,2000,3436.9509105944394,246.41589777890377,NA,3.4369509105944394,-0.05197775085525707,NA,5.936059676931346,-0.1447982591720424
NEUS-9-2000,NEUS,2000,4185.097796751504,0,69.27533422122661,4.185097796751504,-0.045010259138993834,0.026608682582061182,15.41847100907092,-0.010854009848508948
Nor-BTS-8-2000,Nor-BTS,2000,1660.7358013811315,266.3590377034786,240.27906285713797,1.6607358013811315,-0.2351597008868479,0.19459263248405578,4.900683729840978,0.03530063980274976
NS-IBTS-1-2000,NS-IBTS,2000,4342.207641865365,535.2206506111208,77.12918620464359,4.3422076418653655,0.2631274408950342,-0.03672917394920579,8.272734368426992,-0.03385245417018837
SCS-6-2000,SCS,2000,1432.5337286810627,27.60738453526286,164.0974897733431,1.4325337286810627,-0.36537351624340075,0.23547959454557582,9.689114106785322,-0.0017266843464981514
SEUS-4-2000,SEUS,2000,3692.207020509618,405.13891536422614,8.140818148164977,3.692207020509618,0.3846225559946854,-0.04583390736443518,22.410551020967322,-0.039660864057834595
SWC-IBTS-2-2000,SWC-IBTS,2000,6984.280152936713,893.1721213728995,116.12784852528759,6.984280152936713,0.025195865355517027,-0.08495367958496033,10.480384701310737,-0.02309288404443477
BITS-2-2001,BITS,2001,4052.370975280859,565.8407591031782,58.05876582262386,4.052370975280859,NA,NA,7.764436327398187,NA
EBS-6-2001,EBS,2001,17925.45134670488,6239.36,84.6183086425887,17.92545134670488,3.340811264930589e-4,-0.022211070142998685,6.014023094379142,0.012623377383125644
EVHOE-10-2001,EVHOE,2001,4817.901409930217,356.1617838996268,160.6876094389565,4.817901409930217,-0.06364612929036181,0.004307294210265489,15.45410425568226,0.09100762068477891
FR-CGFS-10-2001,FR-CGFS,2001,1941.5664309486299,223.12707929245317,27.690966763410074,1.9415664309486298,0.3206171055560177,0.07672471422888763,15.388884448708005,0.02626523739944367
GMEX-6-2001,GMEX,2001,818.2683620576278,35.503932212396215,57.79666784017048,0.8182683620576278,0.06112422378830338,-0.1996649895774091,24.408395204903997,-0.01930073903738871
GOA-5-2001,GOA,2001,23219.051917478424,2711.17,140.53071782699408,23.219051917478424,0.28491731040979595,-0.28330594409566223,7.2253042668682435,-0.01551018397525919
GSL-S-8-2001,GSL-S,2001,2906.498461814688,241.102863202545,NA,2.9064984618146883,-0.16763563619729202,NA,5.66471098943068,-0.04678968289751459
NEUS-9-2001,NEUS,2001,5075.32254692485,7.578125,62.38655649958293,5.07532254692485,0.19286000688475136,-0.1047391038421017,15.598954855754172,0.011637708717031923
NS-IBTS-1-2001,NS-IBTS,2001,5310.8936482166155,681.1096124189743,72.14693771829289,5.310893648216616,0.20137722440366834,-0.06677691788045345,7.863493593587994,-0.050734106194104255
SCS-6-2001,SCS,2001,1953.3850915944583,36.90408121531939,154.9954311816174,1.9533850915944584,0.31011909731640286,-0.05706506080915717,10.104708933886355,0.04199854799820213
SEUS-4-2001,SEUS,2001,3653.7750976271695,167.20510390345814,8.218360692794555,3.6537750976271695,-0.010463481371236118,0.009480075512767798,23.32098611948588,0.03982177133158397
SWC-IBTS-2-2001,SWC-IBTS,2001,5595.616918544244,861.2074397220558,133.49173982809288,5.595616918544244,-0.22167833310913485,0.1393478753265272,10.205859212527173,-0.026543398391828857
BITS-2-2002,BITS,2002,4686.275931308277,783.4889048953262,60.21522261987676,4.686275931308277,0.1453360867219301,0.036469486348804335,7.771130633385537,8.61803939125583e-4
EBS-6-2002,EBS,2002,19438.6346910112,4907.55,80.41055343573682,19.4386346910112,0.0810409987208765,-0.05100522820361273,5.998482803941198,-0.002587353419659499
EVHOE-10-2002,EVHOE,2002,8340.863101736237,492.2447764970264,139.5044405398087,8.340863101736236,0.5488282593116361,-0.14136573351151044,15.67386392217734,0.014119991155670045
FR-CGFS-10-2002,FR-CGFS,2002,1783.7664895685089,120.32091567098846,27.20781867541058,1.7837664895685088,-0.08476795181203801,-0.017601867086199995,15.409126428012277,0.0013144993226989238
GMEX-6-2002,GMEX,2002,744.8876557645282,26.947498962343822,63.601753712334244,0.7448876557645282,-0.09395694439737924,0.0957099198667472,24.70230177154162,0.011969289526478908
GSL-S-8-2002,GSL-S,2002,3925.6260590223,225.43050467560028,NA,3.9256260590223,0.3005767650615248,NA,6.123757856644275,0.0779200606406608
NEUS-9-2002,NEUS,2002,6087.2672627086695,28.736979166666668,73.42738401550253,6.08726726270867,0.18180917672671426,0.16294713382111206,14.949564523427709,-0.04252174504038604
NS-IBTS-1-2002,NS-IBTS,2002,4834.207265055482,534.6100444796186,81.50060246072105,4.834207265055482,-0.09404295855308215,0.1219055713233466,7.974331606194881,0.013996848777169363
SCS-6-2002,SCS,2002,2055.7150518075887,63.540500500267434,129.68146343502124,2.0557150518075886,0.05105993253608778,-0.17831447790257693,11.439642691185876,0.12408320590280297
SEUS-4-2002,SEUS,2002,4174.554399064575,145.8219288098995,8.391642634389308,4.174554399064575,0.13324671541894112,0.020865526026875903,23.30593430818467,-6.456275338792859e-4
SWC-IBTS-2-2002,SWC-IBTS,2002,7371.441211190183,883.8233905252605,121.53255227683333,7.371441211190183,0.2756296399672518,-0.09385745510876975,8.425114920923546,-0.19174487135657955
BITS-2-2003,BITS,2003,3479.5220333836487,503.65802778233456,58.72642476670299,3.4795220333836485,-0.29774328491608365,-0.02503539586608747,7.704366583618091,-0.008628409548717355
DFO-QCS-7-2003,DFO-QCS,2003,2.736328579567294e-9,2.2643257174158536e-10,215.94353771310384,2.7363285795672942e-12,NA,NA,8.232129683641404,NA
EBS-6-2003,EBS,2003,27296.72053221294,8737.92,80.19794372790945,27.29672053221294,0.33950400332787184,-0.002647553968481694,6.054169031103101,0.009240559532928416
EVHOE-10-2003,EVHOE,2003,10001.674365946188,349.462503314633,140.92551391065305,10.001674365946188,0.18158581513991237,0.010135048075741993,15.501922253002723,-0.011030574279749706
FR-CGFS-10-2003,FR-CGFS,2003,1914.3665085295574,102.6641413577748,31.179467115830956,1.9143665085295574,0.07065962886587732,0.1362553896096835,14.971342641193145,-0.028822075882026295
GMEX-6-2003,GMEX,2003,855.326947056957,27.08102839248045,77.32164279869775,0.855326947056957,0.1382503806844397,0.1953328568050388,23.898353376778587,-0.033086868228429496
GOA-5-2003,GOA,2003,25731.7559647021,3137.2200000000003,149.0262584484098,25.7317559647021,0.10275272476655807,0.058696424518089284,7.36141143238389,0.018662338886352478
IE-IGFS-10-2003,IE-IGFS,2003,3932.086533578984,1651.3458084604945,106.95478513610483,3.932086533578984,NA,NA,10.436181307967953,NA
NEUS-9-2003,NEUS,2003,4394.4579801148875,5.625,70.77577715057357,4.394457980114887,-0.3258550586287207,-0.03678013375598074,15.237932839198452,0.019105730041227002
NS-IBTS-1-2003,NS-IBTS,2003,4918.5922153818,576.276830860845,79.28467716779952,4.9185922153818,0.017305196601372166,-0.027565528536507164,7.806757889268877,-0.021238079371884922
SCS-6-2003,SCS,2003,1015.6870628936205,33.15806606416398,149.98054046585239,1.0156870628936205,-0.7050584517603407,0.1454243931183043,7.692749348991914,-0.3968065099286304
SEUS-4-2003,SEUS,2003,5109.626879808197,269.15456312476465,8.718241110110215,5.109626879808197,0.202118762055926,0.038181223913097175,23.58308921551324,0.011821877034284807
SWC-IBTS-2-2003,SWC-IBTS,2003,7122.137729290891,930.0989962198289,136.54411007204806,7.122137729290891,-0.03440531488913074,0.116465566263651,11.87872358734134,0.34353174940809567
WCANN-5-2003,WCANN,2003,24307.677492002564,1371.9892376510836,262.6033724282086,24.307677492002565,NA,NA,9.03341337880635,NA
BITS-2-2004,BITS,2004,3768.4968967242917,613.101786147092,60.793780656386836,3.7684968967242916,0.0797812831987288,0.034597699981293153,7.73037241539756,0.0033697824615085067
DFO-QCS-7-2004,DFO-QCS,2004,3.5296173698487994e-9,1.427719768811636e-10,189.23396570239296,3.5296173698487995e-12,0.25457238383905395,-0.13203281079157614,8.221374445133705,-0.0013073494807419451
EBS-6-2004,EBS,2004,19997.513960674172,5674.1500000000015,79.22216187358472,19.997513960674173,-0.31115860408834817,-0.012241793927122855,6.02685179675249,-0.004522346463373585
EVHOE-10-2004,EVHOE,2004,8213.467545805583,603.1357691727659,145.3557996305852,8.213467545805583,-0.19697732490477132,0.030953046690946673,16.0451002607429,0.03443949070562893
FR-CGFS-10-2004,FR-CGFS,2004,1411.8205569189283,146.77596120733259,29.375146566286677,1.4118205569189284,-0.3045067162990672,-0.059610810964798706,16.308181429354924,0.08552902686999043
GMEX-6-2004,GMEX,2004,729.8148845183574,28.37620488858949,66.61661185536711,0.7298148845183574,-0.1586928709280835,-0.1490199271619617,24.92935566397832,0.04223649119742073
GSL-S-8-2004,GSL-S,2004,2627.3465481142493,158.2605282316568,NA,2.6273465481142493,-0.4015514241746787,NA,5.643700127157338,-0.08163603563202591
IE-IGFS-10-2004,IE-IGFS,2004,4288.698259906343,928.1306389098138,97.17095601159892,4.288698259906343,0.08681304140927577,-0.09593431598327679,11.54518667549851,0.10098987161268172
NEUS-9-2004,NEUS,2004,6699.652020056444,3.046875,51.34880426260685,6.699652020056444,0.42171139069257335,-0.3208751614397569,15.98013078083922,0.047558223751174675
NS-IBTS-1-2004,NS-IBTS,2004,3868.224022293427,342.12294693547057,88.84343038440616,3.8682240222934268,-0.24022686173212565,0.11383072750344034,7.9564292613492125,0.018990559302953042
SCS-6-2004,SCS,2004,1509.3864870621273,13.6814071962418,190.717930672966,1.5093864870621274,0.39613797555696945,0.24028997828638365,8.71650513348601,0.12494012789256544
SEUS-4-2004,SEUS,2004,5841.336886945788,289.280292768429,8.247261306865873,5.841336886945788,0.1338333057401111,-0.05553632758841086,22.568586489744316,-0.04397093548363956
SWC-IBTS-2-2004,SWC-IBTS,2004,8459.83375420186,1252.4084343018435,122.0192449724169,8.45983375420186,0.17212159938354413,-0.11246893516577987,7.024946399253813,-0.5252812808279499
WCANN-5-2004,WCANN,2004,17071.468867428437,1292.9070309097247,270.867457028966,17.071468867428436,-0.35338366387036124,0.030984808543505004,8.990889053477751,-0.004718563105351397
BITS-2-2005,BITS,2005,4504.052896737579,903.0908896053038,58.622461778566134,4.504052896737579,0.17830141433618918,-0.03636956196306014,7.608511865125428,-0.01588943653523669
DFO-QCS-7-2005,DFO-QCS,2005,3.135844528124074e-9,4.0619354993591146e-10,181.56452377103585,3.1358445281240736e-12,-0.11829094649147481,-0.04137306984596636,8.27792056749545,0.006854395137396512
EBS-6-2005,EBS,2005,23190.84669491523,6462.365,85.23555507525371,23.19084669491523,0.1481496979474262,0.07316257856043369,6.0781209513569046,0.00847080984607946
EVHOE-10-2005,EVHOE,2005,5094.139944811492,300.5692820592666,149.72009214278714,5.0941399448114915,-0.4776843420083671,0.02958297112202388,16.548938772279566,0.030918453982065115
FR-CGFS-10-2005,FR-CGFS,2005,2264.8089893832475,133.85275655632722,31.267922440629622,2.2648089893832477,0.47261037732066496,0.06244376794142106,16.020233424803077,-0.017814397699479415
GMEX-6-2005,GMEX,2005,1152.1833579214012,64.28048369189413,54.51684802332694,1.1521833579214011,0.4566230743194773,-0.20044418176372575,23.941927396568417,-0.040414845039200266
GOA-5-2005,GOA,2005,26303.714615850226,2961.75,173.13556853540305,26.303714615850225,0.021984299581231666,0.14995239915430222,7.285938644629875,-0.010305407503627718
GSL-S-8-2005,GSL-S,2005,3069.044168713922,282.54080977813646,NA,3.069044168713922,0.1553917476017465,NA,5.529985639230473,-0.020354682670374345
IE-IGFS-10-2005,IE-IGFS,2005,4341.160529187443,649.2998559770482,123.30967870853989,4.341160529187443,0.012158464430409618,0.2382270439703933,13.317678693672669,0.1428237656219831
NEUS-9-2005,NEUS,2005,7136.615449626816,7.6171875,54.75684352140728,7.136615449626817,0.06318304955930272,0.0642607066318132,15.974420749095842,-3.573845684427396e-4
NS-IBTS-1-2005,NS-IBTS,2005,4055.8265442592974,282.36511941250603,93.64215778504128,4.055826544259298,0.04735900740972009,0.052605074426076134,9.348048313209757,0.16118727100279392
PT-IBTS-9-2005,PT-IBTS,2005,2734.2529130698977,206.2797095223151,190.1287558588681,2.7342529130698976,NA,NA,15.060572837428303,NA
SCS-6-2005,SCS,2005,1335.867699959976,27.15948898454875,143.6256856148468,1.3358676999599761,-0.12212222507089102,-0.2835850239361863,8.690865884732439,-0.002945794315241783
SEUS-4-2005,SEUS,2005,5510.920641048136,292.95768692943506,8.243427289950501,5.510920641048136,-0.058227994942469226,-4.6499173905856786e-4,23.183169847201476,0.026867616762076843
SWC-IBTS-2-2005,SWC-IBTS,2005,12461.141336132358,1833.7051089100191,135.94311228227784,12.461141336132357,0.3872855865534152,0.10805772821719327,12.23125617300109,0.5545270716618207
WCANN-5-2005,WCANN,2005,15250.26681898757,1209.1973618540953,286.6607670158426,15.25026681898757,-0.11281158352118938,0.05666990740744502,8.894081192026256,-0.010825716294708835
BITS-2-2006,BITS,2006,4056.4397601038986,507.306660953042,58.982338654245694,4.056439760103898,-0.10467195263156394,0.006120124308663566,7.468896823143673,-0.018520295565979644
EBS-6-2006,EBS,2006,17464.412949438207,3990.7799999999997,82.51018805897544,17.464412949438206,-0.28359239708746226,-0.03249688253409524,5.995975122102153,-0.013607163008507998
EVHOE-10-2006,EVHOE,2006,5650.337884279734,325.6790384296352,175.21689032242801,5.650337884279733,0.10362449723805232,0.15725708133537097,15.369821523623749,-0.07391603175903068
FR-CGFS-10-2006,FR-CGFS,2006,2281.9542113318576,117.13466258477138,32.26405870780623,2.2819542113318576,0.007541762109617598,0.0313611472926901,16.54076831985154,0.03197562837399321
GMEX-6-2006,GMEX,2006,1157.1275165115337,65.8298326528074,64.74506890206696,1.1571275165115338,0.0042819407288449615,0.17194774978842617,24.05773743685435,0.004825461403042512
GSL-S-8-2006,GSL-S,2006,2275.2382472352697,215.0538883031179,NA,2.2752382472352695,-0.2992813964459898,NA,5.521953199666844,-0.0014535804251229068
IE-IGFS-10-2006,IE-IGFS,2006,5117.255167203814,339.76360530368646,122.33192487729143,5.1172551672038145,0.16447647973776894,-0.007960858264673515,13.850087288835951,0.0391991573782422
NEUS-9-2006,NEUS,2006,6075.91306706793,132.760416666667,72.21984614782268,6.07591306706793,-0.1609063602637609,0.2768125288105038,15.705683892997785,-0.016966061530848755
NS-IBTS-1-2006,NS-IBTS,2006,4328.190829279986,243.79001440322688,77.03912142168441,4.328190829279986,0.06499513221278136,-0.1951673225274924,7.875020785611296,-0.17147176080606494
PT-IBTS-9-2006,PT-IBTS,2006,6669.3653952682425,262.11476368474746,119.82971953502391,6.669365395268242,0.8916664716303309,-0.4616297738982778,17.085057092853773,0.12612396859417124
SCS-6-2006,SCS,2006,1544.6262139505957,21.203265330936482,146.8517259680894,1.5446262139505957,0.14520090512631323,0.022212901045106537,8.237771347375755,-0.053542736037678215
SEUS-4-2006,SEUS,2006,7917.805862615926,468.5288344223753,8.244149242371734,7.917805862615927,0.3623824351985725,8.757532318693194e-5,24.032169465668563,0.03596674942971977
SWC-IBTS-2-2006,SWC-IBTS,2006,25521.27706102996,2140.760796336683,137.1665952967761,25.52127706102996,0.7168973896260554,0.008959704948302507,13.669426508308565,0.11116704042840478
WCANN-5-2006,WCANN,2006,14107.210319232145,1190.7743752642853,327.67989522431293,14.107210319232145,-0.07791096239014676,0.13373768247063988,8.867332999468521,-0.0030119462888009364
BITS-2-2007,BITS,2007,4504.441641592832,527.9531880777791,55.771934033416514,4.504441641592832,0.10475825891811157,-0.05596728570809183,7.4531297342495835,-0.0021132645356556953
DFO-QCS-7-2007,DFO-QCS,2007,1.8581360385769076e-9,1.5828497060392698e-10,194.81238445655168,1.8581360385769077e-12,-0.5233246693081957,0.07042587102713317,8.219946451844901,-0.00702810299229964
EBS-6-2007,EBS,2007,18694.16400560226,2354.27,89.59270751156595,18.694164005602257,0.06804612516835602,0.08235214994862804,6.010729984890578,0.0024577717341012547
EVHOE-10-2007,EVHOE,2007,8373.363282177774,355.11101219407533,204.277700252175,8.373363282177774,0.39334028372106117,0.15345576408886605,17.115451768942226,0.10757572222847551
FR-CGFS-10-2007,FR-CGFS,2007,2362.192624152119,133.15889094975148,35.21524849891558,2.362192624152119,0.03455807965182251,0.08752530761707943,16.7956395400689,0.015291160788900164
GMEX-6-2007,GMEX,2007,1540.7486868329165,87.85547318083843,60.252726988511824,1.5407486868329165,0.2863278033695417,-0.07190970916038195,23.40896543067024,-0.027337580708326252
GOA-5-2007,GOA,2007,23521.70391636904,2577.5,179.93689666354248,23.521703916369038,-0.11178660352642804,0.03853129456306767,7.269126356097994,-0.0023101643322249025
GSL-S-8-2007,GSL-S,2007,4679.334299930625,280.9298224349248,NA,4.679334299930625,0.7210710852282157,NA,5.4609512026290465,-0.01110865070234132
IE-IGFS-10-2007,IE-IGFS,2007,6992.976239325956,611.129914146433,100.66074324133864,6.992976239325956,0.3122880557933278,-0.19498216105348884,13.44135583845658,-0.029955324212099024
NEUS-9-2007,NEUS,2007,6646.818639231813,0.3645833333333337,59.623113262871286,6.646818639231813,0.08980606304373577,-0.19167158020273406,15.743803361202923,0.0024241722330668744
NS-IBTS-1-2007,NS-IBTS,2007,2901.9327045243144,282.73145009802533,78.15006953750616,2.9019327045243144,-0.399772667515812,0.014317583421335487,8.87604038808835,0.11965973116689056
PT-IBTS-9-2007,PT-IBTS,2007,4047.4903060567212,177.88972661254184,128.99435118440562,4.047490306056721,-0.49942770074082166,0.07369688296691065,15.237441706596616,-0.11444855811032599
SCS-6-2007,SCS,2007,1832.6916441009648,29.900111698056957,140.97317751580988,1.8326916441009649,0.17100378163193924,-0.04085376895046839,11.47002455733323,0.33100723235755036
SEUS-4-2007,SEUS,2007,4026.1924843767956,255.121635095571,8.121364678787344,4.0261924843767956,-0.6762929934940543,-0.015005562072232463,23.75704789518231,-0.011514087284756384
SWC-IBTS-2-2007,SWC-IBTS,2007,13926.838338293786,763.1537419635795,136.6499878278249,13.926838338293786,-0.6056947045884451,-0.0037733878352456452,13.288981637796983,-0.02822645369263
WCANN-5-2007,WCANN,2007,13131.952942292717,1552.2320048394856,347.96963404187255,13.131952942292717,-0.07163762064230232,0.06007801480584801,9.316110138588234,0.04937109985944238
BITS-2-2008,BITS,2008,5146.604122722431,885.1528533760577,57.19716093625359,5.146604122722431,0.13327316208782272,0.025233494630641156,7.600368476710258,0.019562687162884482
EBS-6-2008,EBS,2008,15724.776901408444,2321.79,83.67727893244228,15.724776901408445,-0.17297377491382604,-0.06830644503857464,5.945386453622944,-0.010930670038833974
EVHOE-10-2008,EVHOE,2008,8021.621523537669,427.10528122981344,171.6039758171305,8.02162152353767,-0.042915043197143336,-0.17429098801137402,17.25404826748901,0.00806513040138329
FR-CGFS-10-2008,FR-CGFS,2008,1315.8614363277757,73.15794897524025,31.802453982496484,1.3158614363277756,-0.5850987299268822,-0.10193572872404373,15.860427649398847,-0.05729212166779447
GMEX-6-2008,GMEX,2008,1253.7158338980428,51.30418902782146,66.54671162803264,1.2537158338980428,-0.20615664977452233,0.09935629900308651,23.329080749468353,-0.0034184038710097105
GSL-S-8-2008,GSL-S,2008,2876.2986492989194,238.53192120169265,NA,2.8762986492989193,-0.48665157984170915,NA,5.3693035531326405,-0.016924779563277252
IE-IGFS-10-2008,IE-IGFS,2008,5272.923127473781,720.2466855772484,109.40364839166904,5.272923127473781,-0.2823213690122588,0.08328835353094552,13.875454657749954,0.03178521637734059
NEUS-9-2008,NEUS,2008,5186.504664744139,18.15104166666666,65.82258328098823,5.186504664744138,-0.24807834479189553,0.09891968508728807,15.3562777213682,-0.02492248796788162
NS-IBTS-1-2008,NS-IBTS,2008,2745.641046404302,270.60564251670115,73.12541988793124,2.745641046404302,-0.05536238476455215,-0.06645489906971956,8.978766758767925,0.01150698557964475
PT-IBTS-9-2008,PT-IBTS,2008,2135.254353465584,300.6940724750652,166.73674771445187,2.1352543534655837,-0.6395112368248713,0.256647593526488,17.155336711928957,0.11855363459804548
SCS-6-2008,SCS,2008,1768.5497348400677,28.781694078873333,172.56498911994302,1.7685497348400676,-0.03562587811275933,0.20220427214317263,10.248867544489126,-0.11256985612830592
SEUS-4-2008,SEUS,2008,5500.339607180723,447.68067934309084,8.583180681964292,5.500339607180723,0.3119887006905086,0.055306349715467586,23.649511459303135,-0.004536782326742648
SWC-IBTS-2-2008,SWC-IBTS,2008,12884.81312359294,1058.0666257615917,136.9395103819192,12.88481312359294,-0.07776845362097275,0.002116474967528748,13.612803342631896,0.024075528545507426
WCANN-5-2008,WCANN,2008,12005.434692964178,1152.2482522869057,384.3294619614847,12.005434692964178,-0.0896889778508295,0.099384941129714,9.468767952455075,0.016253624205356802
BITS-2-2009,BITS,2009,5237.244723169186,1015.3141621168988,57.7673146797386,5.237244723169185,0.01745844032014372,0.009918862586290727,7.152801324855608,-0.06069265623374032
DFO-QCS-7-2009,DFO-QCS,2009,2.2210346755453527e-9,1.8173062377593008e-10,200.91719554350135,2.221034675545353e-12,0.1783993019127813,0.03085589628249598,8.033462887969385,-0.022948015841193065
EBS-6-2009,EBS,2009,13124.65430167597,1143.6849999999997,85.82401080278292,13.12465430167597,-0.18074514576517794,0.025331331280386917,5.979253890473795,0.0056802598544840295
EVHOE-10-2009,EVHOE,2009,6265.26501501728,418.15636998492926,192.55103989407505,6.26526501501728,-0.24711969808752815,0.11517190500775308,15.692141908970743,-0.094886726414631
FR-CGFS-10-2009,FR-CGFS,2009,1493.368482755552,112.91697290148227,31.44748531356486,1.4933684827555518,0.1265427592259631,-0.011224434353244833,15.057847811402553,-0.05192787531571523
GMEX-6-2009,GMEX,2009,1362.765899880971,42.03203349151086,61.184075418011155,1.3627658998809709,0.08340457559626495,-0.08401718149882653,23.346324407936095,7.388756110027042e-4
GOA-5-2009,GOA,2009,25353.566825669353,2942.365,170.1590095837532,25.353566825669354,0.07499585749141408,-0.055872864958079325,7.287372545414638,0.0025069488200729446
GSL-S-8-2009,GSL-S,2009,2473.1569022668236,141.66472177840123,NA,2.473156902266824,-0.1510088437141608,NA,5.491618803670554,0.022524868158196373
IE-IGFS-10-2009,IE-IGFS,2009,6989.425618160296,1818.5416922552745,124.20337154561136,6.989425618160296,0.28181349900849734,0.12687607669786874,11.677637803360044,-0.17244571313853224
NEUS-9-2009,NEUS,2009,6778.836588882189,150.52747633522478,70.7144579830182,6.778836588882189,0.2677454973776187,0.07168705922876818,13.70808668218875,-0.11353843503613364
NIGFS-10-2009,NIGFS,2009,5996.054613164246,2083.530558739897,54.38756970556225,5.996054613164246,NA,NA,12.165614063181492,NA
NS-IBTS-1-2009,NS-IBTS,2009,3177.8116885930217,200.26390848686717,74.43287877856784,3.177811688593022,0.14617823158344218,0.01772171569563137,8.40951648651908,-0.06549856125037268
PT-IBTS-9-2009,PT-IBTS,2009,4281.0599551634095,330.9074662228782,144.15737751257748,4.28105995516341,0.6956148573110581,-0.1455106054720764,14.461458882766445,-0.1708222011782354
SCS-6-2009,SCS,2009,2375.255740516687,19.320308678276866,156.61807499393066,2.375255740516687,0.29494526002667193,-0.09696371572757397,8.014150153831194,-0.24595846753763723
SEUS-4-2009,SEUS,2009,5821.850380205048,525.3909106150438,8.077901802959824,5.821850380205048,0.05680830886363759,-0.060672392698602064,24.228578984668786,0.024190428557003936
SWC-IBTS-2-2009,SWC-IBTS,2009,25442.011403915036,643.0156152800625,130.21006836762422,25.442011403915036,0.6803524593742384,-0.050390241468910676,12.19954947188289,-0.10961174961120036
WCANN-5-2009,WCANN,2009,12071.138487751972,711.8676721745012,376.13565309340913,12.071138487751972,0.005457916074510169,-0.02155030076821158,9.538111629732372,0.0072967248142578895
BITS-2-2010,BITS,2010,7175.466656086176,1148.5610195642455,64.6178577933629,7.175466656086176,0.31487225485245,0.11206768325815727,6.9251100363350755,-0.032350131990271785
EBS-6-2010,EBS,2010,18665.318151260522,1849.38,84.23243425997913,18.66531815126052,0.35217468834982435,-0.018718761466795075,6.052988551595056,0.01225633284815598
EVHOE-10-2010,EVHOE,2010,6986.417428414815,417.93778304889565,164.11511302079109,6.986417428414815,0.10894700840048446,-0.15979317062582946,16.313508383955952,0.03883342811086003
FR-CGFS-10-2010,FR-CGFS,2010,1851.3734630174488,118.40248215541786,32.86203847818425,1.8513734630174488,0.21489348103900346,0.04399912421464906,15.663704504283885,0.03944691642043431
GMEX-6-2010,GMEX,2010,1992.0240358566755,67.11324269124916,59.90501826894032,1.9920240358566754,0.3796348408919475,-0.021126671013863597,22.662256496501932,-0.029738727541118243
GSL-S-8-2010,GSL-S,2010,6635.662116258634,131.2949857984156,NA,6.635662116258635,0.9869630216019725,NA,5.323256518433091,-0.031137832509208003
IE-IGFS-10-2010,IE-IGFS,2010,8940.456371491235,1635.5822805266237,105.56251873839982,8.940456371491235,0.24618825521533355,-0.1626169431528529,11.70114812673231,0.0020112533959444194
NEUS-9-2010,NEUS,2010,5543.835485755488,48.87336575719742,91.13974199824823,5.543835485755488,-0.20111890550734055,0.2537439053688664,13.620766700076418,-0.006390336106934698
NIGFS-10-2010,NIGFS,2010,8125.126997246512,1744.6118399579234,56.35981960755192,8.125126997246511,0.30385967005889747,0.03562085661496328,12.265288056909439,0.00815971070320861
NS-IBTS-1-2010,NS-IBTS,2010,3090.483713082579,228.6540022280976,88.87118453282757,3.090483713082579,-0.027865191559224067,0.17729019319989586,8.952375706342098,0.06255495946557206
PT-IBTS-9-2010,PT-IBTS,2010,3727.4900034009465,329.13448421839144,148.51580326333968,3.7274900034009466,-0.13846554620600005,0.02978576967324078,14.376105663046364,-0.005919603150109479
SCS-6-2010,SCS,2010,1622.8989148242265,11.78798216023256,216.33317159777937,1.6228989148242265,-0.3808911082321793,0.32300948210038044,8.155300144050013,0.017459291828235364
SEUS-4-2010,SEUS,2010,6318.573261462362,365.59728692791094,7.773571693640289,6.318573261462362,0.08187528694889641,-0.03840242476793147,23.350052001010816,-0.03693367503322233
SWC-IBTS-2-2010,SWC-IBTS,2010,12521.700213307377,546.2471722572235,130.6055255996299,12.521700213307376,-0.7089386437288502,0.003032468488850506,10.02859892249345,-0.19595811899127644
WCANN-5-2010,WCANN,2010,11617.1536983444,916.1424395870578,371.1101276276979,11.617153698344401,-0.03833458150703382,-0.01345099930235644,9.478070241002797,-0.006314789021047495
BITS-2-2011,BITS,2011,6759.15764048995,960.0594446413647,59.631419268375836,6.75915764048995,-0.0597695258110037,-0.08030820491775438,6.803839368909087,-0.017666875747701913
DFO-QCS-7-2011,DFO-QCS,2011,2.681919605339019e-9,2.280052869271932e-10,199.34318376322872,2.6819196053390192e-12,0.18855965139951442,-0.00786497977514898,8.121722873144252,0.010926629331357747
EBS-6-2011,EBS,2011,17966.95151260505,3959.7900000000004,79.93999182772804,17.96695151260505,-0.03813311430568212,-0.0523038010106623,6.0919457353360205,0.0064154019173959225
EVHOE-10-2011,EVHOE,2011,6955.30009428195,333.90155869088244,178.03072950815312,6.95530009428195,-0.004463924298298469,0.08138808281328477,16.915719607365197,0.036249844072243305
FR-CGFS-10-2011,FR-CGFS,2011,1690.1503753655247,68.88977393405537,29.525474966822095,1.6901503753655247,-0.0911102715975366,-0.1070646970397613,14.780511275566159,-0.05803671365593277
GMEX-6-2011,GMEX,2011,1686.5898387647658,82.22863359388457,65.91417120318668,1.6865898387647658,-0.16644258182836236,0.09559318035296434,23.350350190390078,0.02991115020284251
GOA-5-2011,GOA,2011,23208.361400268113,2881.505,149.4728532423376,23.208361400268114,-0.08840680439576419,-0.12961855769609965,7.278410157190979,-0.0012306086858082151
GSL-S-8-2011,GSL-S,2011,4254.0158047314035,182.9665420128396,NA,4.254015804731403,-0.44459502221875424,NA,5.258144964794786,-0.012306947347368747
IE-IGFS-10-2011,IE-IGFS,2011,6015.785317200261,735.9991505839906,102.3749748952967,6.015785317200261,-0.39619973544274784,-0.030661075127790875,11.835287674227787,0.011398582265956438
NEUS-9-2011,NEUS,2011,6322.243117297462,135.0298208277021,93.88376689785763,6.322243117297462,0.13138748165050876,0.029663539779449865,13.32510797471942,-0.021945518172442124
NIGFS-10-2011,NIGFS,2011,7211.140393110901,1787.2752854962673,55.75885576767134,7.211140393110901,-0.11933425148046974,-0.010720240731832371,12.311349259042473,0.0037483774099879123
NS-IBTS-1-2011,NS-IBTS,2011,6066.206946864989,232.22195995560037,66.46719410825561,6.066206946864988,0.6744059044450629,-0.29047945222997423,7.323789293409761,-0.20079108204659823
PT-IBTS-9-2011,PT-IBTS,2011,2173.4230630377397,227.13954814705488,153.75833032607892,2.1734230630377396,-0.5394317127103203,0.034690714339144925,15.90837580210005,0.10127825111686219
SCS-6-2011,SCS,2011,1547.4147716555785,10.917892833507338,184.0810306972098,1.5474147716555786,-0.04762835447401771,-0.16144363552144636,8.143200671657253,-0.0014847346700513728
SEUS-4-2011,SEUS,2011,8727.922004812506,1483.3770297077376,8.623074034231916,8.727922004812505,0.3230338793821204,0.10371190141183916,22.19087364185791,-0.05091810399544353
SWC-IBTS-2-2011,SWC-IBTS,2011,10699.51830122662,1012.0868508229322,130.88420764048888,10.69951830122662,-0.157264434359388,0.0021314958940572984,9.794156911776541,-0.023654929165406124
WCANN-5-2011,WCANN,2011,14078.391431582279,879.1005780598272,336.2514401906333,14.07839143158228,0.19215832637580435,-0.09863964452431298,9.09597907056983,-0.041148278973107785
BITS-2-2012,BITS,2012,6687.2405743883965,632.422643267483,57.58594271253605,6.6872405743883965,-0.010696954040646469,-0.03490411631187406,7.277735904890995,0.06733274583907052
EBS-6-2012,EBS,2012,17955.34651685393,4781.295,78.15734840213847,17.95534651685393,-6.461165789186534e-4,-0.022552169148161067,6.025187925500804,-0.011018857619903117
EVHOE-10-2012,EVHOE,2012,6428.69730060052,414.7644444689388,167.01591145659447,6.42869730060052,-0.07873205181947866,-0.06386708701689046,16.91521567867353,-2.979099971339486e-5
FR-CGFS-10-2012,FR-CGFS,2012,1350.6096677088995,108.61849779947926,32.682032405695814,1.3506096677088995,-0.22426140826530222,0.1015720102835024,14.946250286862643,0.01115094413001183
GMEX-6-2012,GMEX,2012,1226.2544327155647,57.80143331540464,58.778980399873575,1.2262544327155647,-0.31874429670876536,-0.11456914460787095,23.19280838346145,-0.006769734303590592
GSL-S-8-2012,GSL-S,2012,13439.18129816362,155.4274676875856,NA,13.43918129816362,1.150310985889628,NA,5.388720236091576,0.02452962746453038
IE-IGFS-10-2012,IE-IGFS,2012,7257.75298225043,644.891209693918,86.637091602752335,7.25775298225043,0.1876833736475878,-0.16691426357955416,12.918421424615454,0.08756876038733497
NEUS-9-2012,NEUS,2012,10731.969081687363,104.39732194131079,80.70491485521045,10.731969081687362,0.5291529828019199,-0.15125801857010038,14.638653787647502,0.09401547672192383
NIGFS-10-2012,NIGFS,2012,10492.686050854652,1643.3883798414133,58.403199271213715,10.492686050854653,0.37505134081946734,0.046334424799179735,12.576252329136338,0.02128875888936849
NS-IBTS-1-2012,NS-IBTS,2012,3996.9176839099405,401.23966856495326,76.78511549785627,3.9969176839099405,-0.4172100395053041,0.14430230849037798,8.603880548972496,0.16108547104599677
SCS-6-2012,SCS,2012,1087.5815776293805,36.4272375219951,151.0983629090316,1.0875815776293805,-0.3526291541214883,-0.19744501015916435,9.021071784962649,0.10237984454546901
SEUS-4-2012,SEUS,2012,5856.583473175279,839.5502863651515,8.5624302442075,5.856583473175279,-0.39896090377864685,-0.00705758071001187,23.328694326304415,0.05000301188705486
SWC-IBTS-2-2012,SWC-IBTS,2012,14161.138427610607,1012.7558741115635,129.85991924585028,14.161138427610608,0.2803027605864587,-0.007856695955350365,13.746267133868026,0.3389813317151974
WCANN-5-2012,WCANN,2012,14915.002226317376,780.6607013116526,341.7860331140202,14.915002226317377,0.057726467946287885,0.016325693100653352,9.167512810887288,0.007833562889869162
BITS-2-2013,BITS,2013,6097.036966419584,880.6999076593625,57.86831025271266,6.0970369664195845,-0.09239840889694144,0.004891428352264664,6.780069791357643,-0.07083241615211604
DFO-QCS-7-2013,DFO-QCS,2013,3.1372157127461616e-9,2.2939439968618228e-10,187.1666226521546,3.1372157127461615e-12,0.15680288209706117,-0.06302863058570346,8.343241905533478,0.026909550366437645
EBS-6-2013,EBS,2013,20665.53619047614,3682.19,85.6625817111313,20.665536190476143,0.1405794677439158,0.09169202887937793,6.0999784968915325,0.012336576228522283
EVHOE-10-2013,EVHOE,2013,4454.3423078373835,373.6910503546058,189.12013789371397,4.454342307837384,-0.366892500707424,0.12429337728961826,16.775557851312517,-0.008290615659277642
FR-CGFS-10-2013,FR-CGFS,2013,1701.9645034667299,118.98838806474333,31.748680283463067,1.70196450346673,0.23122707793875202,-0.028974300575141117,15.033501995085004,0.005820725518240235
GMEX-6-2013,GMEX,2013,808.4572522788686,32.50718518723834,69.92443035444371,0.8084572522788687,-0.4165918209854835,0.17363077773065314,24.7030391590029,0.0630840317934214
GOA-5-2013,GOA,2013,27428.31318523102,2134.915,153.30602138127395,27.428313185231023,0.16706318888047336,0.0253212708439133,7.2502468447301025,-0.0038769375219203837
GSL-S-8-2013,GSL-S,2013,4123.381454036713,233.82046640871485,NA,4.123381454036713,-1.1815008499158437,NA,5.045092303696508,-0.06589197400926694
IE-IGFS-10-2013,IE-IGFS,2013,5765.1169703283695,639.7051878660898,97.24079948737383,5.76511697032837,-0.23024483110133745,0.11546233783875001,13.178581410141803,0.019938581141709218
NEUS-9-2013,NEUS,2013,6909.546216733792,113.05233212749884,95.99856140638164,6.9095462167337915,-0.4403230865061303,0.17353372979324813,13.653618066119003,-0.06966100361167137
NIGFS-10-2013,NIGFS,2013,7825.572610133304,3103.1227077921367,53.786344966355955,7.825572610133304,-0.293281537100234,-0.08235104645703983,12.121639627988678,-0.036818045496665834
NS-IBTS-1-2013,NS-IBTS,2013,3113.0506477977474,214.81697894377638,86.13990846566004,3.1130506477977473,-0.24992032395043096,0.11496200425381564,8.393832144672615,-0.024716160461280345
PT-IBTS-9-2013,PT-IBTS,2013,3176.1540684638035,293.6674702089938,94.7423045438987,3.1761540684638034,0.3793676793379199,-0.4842214640714367,18.270611654575138,0.1384480979271961
SCS-6-2013,SCS,2013,1433.5978854364378,27.59463285048277,154.02337666940338,1.4335978854364377,0.276230793155583,0.01917335271515039,10.12099874274886,0.11504919880251915
SEUS-4-2013,SEUS,2013,5143.3003695881625,954.0493627092733,8.48249592704669,5.143300369588163,-0.12987143984557775,-0.009379319376670041,22.592801660283243,-0.03205277409202847
SWC-IBTS-2-2013,SWC-IBTS,2013,11645.820975593157,937.2636448699898,121.85518643108112,11.645820975593157,-0.19555408134710275,-0.06362298199626101,10.670998153746071,-0.2532376974632664
WCANN-5-2013,WCANN,2013,15680.73096787944,1531.7446113180993,322.31284115547953,15.680730967879441,0.05006506445143216,-0.05866227682989954,9.216490195818148,0.005328273802753133
BITS-2-2014,BITS,2014,6119.811821426292,462.6400269064834,47.60901938247489,6.119811821426293,0.0037284379606311096,-0.19514769002657475,7.001440691474861,0.03212854533665562
EBS-6-2014,EBS,2014,27891.54960784308,9720.949999999997,79.93974219098259,27.891549607843082,0.2998563670901316,-0.06914298253783138,6.061413130030783,-0.006342283402533224
EVHOE-10-2014,EVHOE,2014,6368.183946424074,396.7191198818422,145.03965287361805,6.3681839464240735,0.35743491427463536,-0.26537529022198736,15.712138506399935,-0.06548937032745564
FR-CGFS-10-2014,FR-CGFS,2014,4078.712462606121,305.6961667214402,33.302023786351256,4.078712462606121,0.8739981915655929,0.047767010904977036,14.68260627949107,-0.023617630059872996
GMEX-6-2014,GMEX,2014,1098.5519181764657,44.88982568250989,63.34155687464107,1.0985519181764658,0.3066203487570705,-0.0988734720804995,23.32543523743068,-0.05738187268315081
GSL-S-8-2014,GSL-S,2014,3044.5034603706717,168.49620786363454,NA,3.0445034603706715,-0.30333574734533103,NA,5.409285308753588,0.06970102882801281
IE-IGFS-10-2014,IE-IGFS,2014,6330.882531223076,568.6083008168248,105.66968165429229,6.330882531223075,0.0936142036011043,0.08312764659862114,12.118182205835012,-0.08388590489849274
NEUS-9-2014,NEUS,2014,6575.615624171754,70.87172511280511,104.48630044391663,6.575615624171753,-0.04953576037362891,0.08472276057517748,12.2344432645838,-0.10974935394610641
NIGFS-10-2014,NIGFS,2014,8495.334687807428,3682.1636427291082,57.11035807752372,8.495334687807429,0.08212024179664212,0.05996587870101754,12.394708173760968,0.02227736701376191
NS-IBTS-1-2014,NS-IBTS,2014,3806.413388176732,299.1588969205556,70.59057587390086,3.806413388176732,0.2010842167426125,-0.1990761676187113,8.418925257990345,0.002985010887743602
PT-IBTS-9-2014,PT-IBTS,2014,2417.4705968502894,238.80053117952755,152.0360574945941,2.4174705968502894,-0.27294926678512094,0.47295709094306637,16.175862454557752,-0.12177368927434862
SCS-6-2014,SCS,2014,1557.0755360119615,58.6172922886733,139.17053052449864,1.5570755360119615,0.08262211725643655,-0.10140436796298997,10.098185017020938,-0.0022566425707812652
SEUS-4-2014,SEUS,2014,8259.390070864181,1223.8035676803258,8.674144193029447,8.259390070864182,0.47365577484401433,0.022341931349540923,22.128096236993596,-0.02078322091816554
SWC-IBTS-2-2014,SWC-IBTS,2014,4566.507997162905,529.6876563089983,128.20496264825198,4.566507997162905,-0.9361986027013647,0.050796910713693924,11.739135260324359,0.0953985455154134
WCANN-5-2014,WCANN,2014,16887.48242735773,1168.7468398867677,322.03787309814305,16.887482427357728,0.07414003102966717,-8.534733273197272e-4,8.915346402787055,-0.03322018545566675
BITS-2-2015,BITS,2015,6418.366797285062,1118.4718585353921,54.842188333489716,6.418366797285062,0.047632344473701016,0.14143753175099316,7.259684010845031,0.036220362265938784
DFO-QCS-7-2015,DFO-QCS,2015,2.79926900313016e-9,2.5087390408571174e-10,201.34592828386093,2.79926900313016e-12,-0.11397737808360492,0.07302521466311981,8.10044526532285,-0.029532827334318647
EBS-6-2015,EBS,2015,23765.87106741581,10457.055,78.05571425297447,23.76587106741581,-0.16007319874263057,-0.02385027124267864,6.160549883498069,0.016223077692248667
EVHOE-10-2015,EVHOE,2015,7893.387228229088,379.87976009573316,140.61632587892825,7.893387228229088,0.2147110150410853,-0.0309720847114086,14.433966024875817,-0.0848493860777847
FR-CGFS-10-2015,FR-CGFS,2015,7372.875844292666,1916.8506807161027,44.8781352849839,7.3728758442926665,0.5920264739051669,0.2983325419380888,17.20979169201791,0.15881495935517984
GMEX-6-2015,GMEX,2015,1258.4268780005202,41.41743722576693,55.28153211409573,1.2584268780005201,0.13586955688547112,-0.13610272585420077,23.58841913479259,0.01121147070806807
GOA-5-2015,GOA,2015,24620.196873448815,2932.25,170.89061428194915,24.620196873448815,-0.1080086905975071,0.10858760573372432,7.387348599863735,0.018733372589971733
GSL-S-8-2015,GSL-S,2015,4819.5679531062,181.58075713726532,NA,4.8195679531061995,0.45934646709670746,NA,5.407566471926398,-3.178072282967705e-4
IE-IGFS-10-2015,IE-IGFS,2015,7236.344625588724,724.9538715565205,89.56746075351191,7.236344625588724,0.1336765460790297,-0.16532592501928473,14.301150862847415,0.16563302757124843
NEUS-9-2015,NEUS,2015,8403.491454977539,13.755235776849904,96.35348191671318,8.403491454977539,0.2452790641596192,-0.08103243416127012,12.759575281980338,0.04202679989976267
NIGFS-10-2015,NIGFS,2015,7872.588688925808,2712.9145186352866,58.00854106422301,7.872588688925808,-0.07613021296758962,0.01560475681374419,12.219448361566316,-0.014240810879224321
NS-IBTS-1-2015,NS-IBTS,2015,4361.440823217267,428.17836289202984,71.65502292611393,4.361440823217268,0.13611508896945332,0.014966606077583102,8.823692032285653,0.04695820165739618
PT-IBTS-9-2015,PT-IBTS,2015,4513.249880425628,297.69567858075243,144.7778716926855,4.5132498804256285,0.6242957026957716,-0.04891706460156318,15.701036827090109,-0.029793409069679123
SCS-6-2015,SCS,2015,1189.1632429987617,42.83625924892337,153.86283621975437,1.1891632429987617,-0.26955950284278546,0.10036151214497764,8.525490454607317,-0.16929515356699418
SEUS-4-2015,SEUS,2015,8119.9238333032945,583.764655692405,8.477374303451269,8.119923833303295,-0.01702996951221721,-0.02294590103580654,22.61724542091332,0.021864562991002427
SWC-IBTS-2-2015,SWC-IBTS,2015,7086.360703682203,967.0242754795153,134.20279870559654,7.086360703682203,0.439423110441229,0.045721825114190554,11.477894779041307,-0.022505161675463247
WCANN-5-2015,WCANN,2015,15109.699549148632,1287.8486380649429,343.5334677664064,15.109699549148631,-0.11123577086685604,0.06461538160549064,9.022884103835997,0.011989921669461574
BITS-2-2016,BITS,2016,6162.108366275926,1104.1803194395357,56.84649327189116,6.162108366275926,-0.04074470615430396,0.035894776558402314,7.685900140624623,0.05705119647322056
EBS-6-2016,EBS,2016,21456.319340974213,10180,76.93290714194319,21.45631934097421,-0.10223135281108138,-0.014489150802755405,6.03758919033244,-0.020161248767573695
EVHOE-10-2016,EVHOE,2016,7422.76294985791,422.43529188099933,135.6605798670547,7.42276294985791,-0.06147399614649923,-0.035879058494322325,16.36881295993764,0.125793694794916
FR-CGFS-10-2016,FR-CGFS,2016,7487.412272693438,1678.4087784754308,42.185509003864986,7.4874122726934385,0.015415407244239928,-0.06187393790608465,16.967199143454867,-0.014196488161561452
GMEX-6-2016,GMEX,2016,902.8568754768633,36.88326883539446,63.48138069796389,0.9028568754768632,-0.3320536684482863,0.13830775094907052,24.101496085355063,0.02151803983602979
GSL-S-8-2016,GSL-S,2016,2469.8229974732053,141.985501791421,NA,2.469822997473205,-0.6685378006298206,NA,6.161790294107953,0.130568196167918
IE-IGFS-10-2016,IE-IGFS,2016,6404.746472990637,718.9670005059331,108.26541827824695,6.404746472990637,-0.12207684103734784,0.18959369608296928,14.459598204464802,0.01101841570778751
NEUS-9-2016,NEUS,2016,11233.271201477235,112.53794736332269,95.48758887171319,11.233271201477235,0.29023274875607263,-0.009027252836549112,13.051602744613817,0.022628949655270555
NIGFS-10-2016,NIGFS,2016,7417.815348341499,3135.077180568696,53.588410695908514,7.417815348341499,-0.05950235321202198,-0.07925743309447196,12.312221764414966,0.007563597965702049
NS-IBTS-1-2016,NS-IBTS,2016,4483.259226539423,537.6482321544847,73.12061378088595,4.483259226539423,0.02754782103632897,0.02024706580805557,8.890991259810749,0.00759816590478893
PT-IBTS-9-2016,PT-IBTS,2016,2634.6427642588237,140.2586367873621,160.63932218214734,2.6346427642588237,-0.5382698888744374,0.10396096853923319,16.566551962358062,0.053658970493412915
SCS-6-2016,SCS,2016,2972.4725585898636,84.87858991586377,133.92061196892286,2.9724725585898635,0.9161442151303898,-0.13881435523911304,8.951277043899532,0.048735655730285946
SEUS-4-2016,SEUS,2016,8373.270148888128,698.4067021867435,7.8029913892039175,8.373270148888128,0.030723732995845077,-0.08289359622009403,22.63261224217293,6.791986823367939e-4
SWC-IBTS-2-2016,SWC-IBTS,2016,12045.169066626218,2611.5471015849416,126.67019639053935,12.045169066626219,0.530491763361147,-0.05776524915114785,11.86299609280507,0.0330009908607988
WCANN-5-2016,WCANN,2016,17348.82880281823,1428.1269857296245,329.8683623991919,17.34882880281823,0.13818810810607837,-0.04059086549322192,8.930736335831757,-0.010265180494024079
BITS-2-2017,BITS,2017,7825.165536547874,1245.173295507112,61.08089839082654,7.825165536547874,0.23892590479491638,0.07184465424871968,7.973109513515894,0.03668706928727827
DFO-QCS-7-2017,DFO-QCS,2017,3.583537344347863e-9,3.001020767236968e-10,205.89907276546026,3.583537344347863e-12,0.24699208480558837,0.022361645687631552,8.314433586966436,0.026073959702836984
EBS-6-2017,EBS,2017,21714.420980392162,9567.400000000001,77.74227636035529,21.714420980392163,0.01195739117528108,0.010465500507153027,5.939934314900361,-0.016306716379615463
FR-CGFS-10-2017,FR-CGFS,2017,10337.693892862933,614.1559173687094,24.204354124880293,10.337693892862934,0.3225735695651314,-0.5555442340423773,15.453676863031152,-0.09343505840448171
GMEX-6-2017,GMEX,2017,965.9829724752042,30.538653355213835,69.55764775027397,0.9659829724752041,0.06758216528339862,0.0914092272411501,23.284809663096365,-0.03447271462760484
GOA-5-2017,GOA,2017,19228.621679651,2046.9850000000001,163.08228063633283,19.228621679651003,-0.24716723570214674,-0.0467688066332564,7.50258382117256,0.015478582276240925
GSL-S-8-2017,GSL-S,2017,2767.4608481268833,87.42604540005605,NA,2.767460848126883,0.11378375135219958,NA,5.374379982926367,-0.13672415213399303
IE-IGFS-10-2017,IE-IGFS,2017,4591.942424138307,532.4548161594175,99.80801584187698,4.591942424138307,-0.33273623125277874,-0.08133728972281867,15.615756039119438,0.07692197739907744
NEUS-9-2017,NEUS,2017,14294.285857595762,1367.8759289495858,102.09420451155415,14.294285857595762,0.24097984938128883,0.06689968111251778,12.399662322922515,-0.051241701688878975
NIGFS-10-2017,NIGFS,2017,8795.793004798317,2417.924459672285,56.15002371837818,8.795793004798318,0.17038895315705854,0.046694277257091424,11.88208677742531,-0.03556045525440539
NS-IBTS-1-2017,NS-IBTS,2017,4241.605135933678,598.7065700050987,79.23311850675309,4.241605135933678,-0.05540852044663535,0.08028405310927919,8.943615998762041,0.0059014354415677815
PT-IBTS-9-2017,PT-IBTS,2017,6434.66539563766,403.5696368116726,146.11653054548069,6.43466539563766,0.892952242660144,-0.09475715923723389,16.143175381338082,-0.02588833725826862
SCS-6-2017,SCS,2017,1746.2616793110994,38.070031876979016,142.46943080188788,1.7462616793110994,-0.5319167979883633,0.06188027961620517,9.237994415005675,0.03152859886351745
SEUS-4-2017,SEUS,2017,6605.139339064834,642.4612893801072,7.612997880604086,6.605139339064833,-0.23719647324090073,-0.024650137677882177,23.52262215777813,0.03857071742517989
SWC-IBTS-2-2017,SWC-IBTS,2017,15141.205456432535,2239.432141535076,122.53431437595309,15.141205456432536,0.2287561932580693,-0.03319572179120588,11.131096394347137,-0.06368131485569194
WCANN-5-2017,WCANN,2017,17846.90988826339,1430.424951686493,336.44954659074864,17.84690988826339,0.028305377781950917,0.01975452894858192,9.06182669535156,0.014571873826193437
BITS-2-2018,BITS,2018,6951.711216621429,1016.8841976334154,51.533996490524565,6.95171121662143,-0.11835704354397546,-0.16995747275904344,7.475099494544262,-0.06449713947789089
EBS-6-2018,EBS,2018,15703.639943977592,7012.319999999999,81.93798523893406,15.703639943977592,-0.3240840720835782,0.052563476859921486,6.072958917885603,0.022147876961694218
EVHOE-10-2018,EVHOE,2018,3828.052626509811,238.704763368198,165.37574910438843,3.828052626509811,-0.6621951318002403,0.1980641222334346,17.44893212296503,0.06390057476792373
FR-CGFS-10-2018,FR-CGFS,2018,5647.102058460681,918.2405358612066,30.901052358835145,5.647102058460681,-0.6046543128682922,0.2442577007497666,15.731919662983927,0.017844788265378605
GMEX-6-2018,GMEX,2018,818.3769696944988,35.24402229184073,67.61774605380612,0.8183769696944988,-0.16582313362543505,-0.028285408601704788,23.975802609149465,0.02924389495611657
GSL-S-8-2018,GSL-S,2018,3250.669766830276,41.84125146732759,NA,3.250669766830276,0.160930818728975,NA,6.448932035348431,0.18227132583703184
IE-IGFS-10-2018,IE-IGFS,2018,5800.91450719346,742.1689188844845,107.89191951388301,5.80091450719346,0.23371245813598127,0.07788148165364704,15.198243447519905,-0.027100548542603645
NEUS-9-2018,NEUS,2018,6083.037539625415,51.58102762189935,76.64648636096734,6.083037539625415,-0.854355700475429,-0.286692196467668,13.815699015394898,0.1081363151688571
NIGFS-10-2018,NIGFS,2018,8181.976431289208,2664.768665169518,55.074056801055946,8.181976431289208,-0.07233980058997744,-0.01934833677206997,11.334963639694028,-0.0471398770106649
NS-IBTS-1-2018,NS-IBTS,2018,2610.614732152135,291.07181544716127,85.92824218645079,2.610614732152135,-0.4853560442380052,0.08111818039428573,9.727993076390195,0.08406763196153288
SEUS-4-2018,SEUS,2018,9693.710290063096,1675.7501242988014,7.239017928275823,9.693710290063096,0.3836292177374547,-0.05037148200114604,22.96489440322599,-0.023995883510485233
SWC-IBTS-2-2018,SWC-IBTS,2018,6016.385795458344,1517.3418474908665,124.32259589391853,6.016385795458343,-0.9229331526501355,0.01448865902996594,11.24845308307994,0.010487947006245852
WCANN-5-2018,WCANN,2018,17663.677050043552,1459.922449569345,338.8226370014652,17.663677050043553,-0.010319990754332412,0.00702857377442855,8.897980863906186,-0.018246339960032103
BITS-2-2019,BITS,2019,7097.5314748399,1043.7239803225775,52.981124249843816,7.0975314748399,0.020759196503810046,0.027693987975683922,7.87042619013255,0.05153478523321027
DFO-QCS-7-2019,DFO-QCS,2019,5.239466997429182e-9,4.681641588714803e-10,176.69352798001242,5.239466997429182e-12,0.37986937752014993,-0.15296935920873733,8.40137190229941,0.010402023318150544
EBS-6-2019,EBS,2019,21239.868491620164,9485.185,83.71154180335789,21.239868491620165,0.30198747576311574,0.02141417932339799,6.121596751895719,0.007977017488856432
EVHOE-10-2019,EVHOE,2019,7399.056175454934,373.5952312667024,152.77133018876887,7.399056175454934,0.6589962269399829,-0.07927792268349192,17.572661609964246,0.007065926395722466
FR-CGFS-10-2019,FR-CGFS,2019,12180.878656002227,902.1402291339996,28.299209323453162,12.180878656002227,0.7687248953566296,-0.08795637508571419,15.97153030013843,0.015116033106242271
GMEX-6-2019,GMEX,2019,1218.9452823192441,26.483018171081845,58.76506312972803,1.2189452823192441,0.3984181675284314,-0.14032295032805844,22.584302474119088,-0.05979001297479306
GOA-5-2019,GOA,2019,18004.959368838947,2394.945,158.91071830241648,18.004959368838946,-0.06575264106828928,-0.025912338225334935,7.506182775885174,4.795803516990461e-4
GSL-S-8-2019,GSL-S,2019,1863.9516494898212,77.77065827851123,NA,1.8639516494898212,-0.5561622803991982,NA,6.150518422838588,-0.04737816652130076
IE-IGFS-10-2019,IE-IGFS,2019,6139.498479979917,501.6224025088035,94.41594695762784,6.139498479979917,0.0567274792607299,-0.13341999228220727,13.107101447821021,-0.14802567993112073
NEUS-9-2019,NEUS,2019,6789.8205256434085,109.38519555979423,97.26788645302682,6.7898205256434085,0.10992034250770912,0.23826512375549658,14.641802070851982,0.058075037842571564
NIGFS-10-2019,NIGFS,2019,9755.995517741027,2458.1082858396185,59.339505964224735,9.755995517741027,0.17594828197056692,0.07459652249451615,11.328752299953326,-5.481307577943013e-4
NS-IBTS-1-2019,NS-IBTS,2019,2918.2410677419102,345.1770025871651,76.38784503187314,2.9182410677419104,0.1113953375569805,-0.11768896769911104,8.858741271892486,-0.0936029276146746
SEUS-4-2019,SEUS,2019,9077.072975298655,3599.5568169981043,7.608294591637984,9.077072975298655,-0.0657254703913421,0.04975349386060355,22.485126393817204,-0.02111267814853716
SWC-IBTS-2-2019,SWC-IBTS,2019,5416.030218533512,1622.4551224440127,136.54692155799208,5.416030218533512,-0.10512359773854121,0.09378853609098949,11.794878994066607,0.04743483825012717
