ref_year,region,year,wt,wtMt,wtMtDiff,wtMtDiffProp,wtMtAnom,wtMtAnomProp,wtMtZ,wtMtLog
northeast-2-1981,northeast,1981,170.99917146639248,0.17099917146639249,NA,NA,0.007451110339186495,0.045559148105039894,0.17406525815787754,NA
ns_ibts-1-1981,ns_ibts,1981,3007.6874718190597,3.0076874718190596,NA,NA,-1.0106986903213557,-0.2515185573362122,-1.2015206630479287,NA
scotian_shelf-6-1981,scotian_shelf,1981,158.02057689393666,0.15802057689393667,NA,NA,-0.03265291799442849,-0.17125043002723583,-0.7769830216304977,NA
eastern_bering_sea-5-1982,eastern_bering_sea,1982,250.3863386018237,0.2503863386018237,NA,NA,-0.07401147560502946,-0.2281503523258509,-1.0410897172725413,NA
northeast-2-1982,northeast,1982,145.93506830287458,0.1459350683028746,-0.025064103163517898,-0.1465744128967543,-0.017612992824331403,-0.1076930701772869,-0.41145681694935315,-0.15849692613347519
ns_ibts-1-1982,ns_ibts,1982,2625.030023420594,2.6250300234205937,-0.38265744839846594,-0.1272264661750356,-1.3933561387198217,-0.3467452062839185,-1.6564246176318287,-0.1360791682216566
scotian_shelf-6-1982,scotian_shelf,1982,171.49962922424012,0.1714996292242401,0.013479052330303443,0.08529934895346304,-0.019173865664125045,-0.1005586312630966,-0.4562461487390226,0.08185584659262568
aleutian_islands-5-1983,aleutian_islands,1983,304.3704141379305,0.3043704141379305,NA,NA,-0.2113268342227464,-0.40978856275561343,-1.4146018591991645,NA
eastern_bering_sea-5-1983,eastern_bering_sea,1983,328.1711504249295,0.3281711504249295,0.07778481182310581,0.3106591687767875,0.0037733362180763508,0.011631817641256585,0.05307800586784132,0.2705301929316687
northeast-2-1983,northeast,1983,145.51122752364998,0.14551122752364998,-4.2384077922461016e-4,-0.0029043106921015603,-0.018036833603556013,-0.11028460673420733,-0.4213581539709738,-0.002908536386201959
ns_ibts-1-1983,ns_ibts,1983,2743.190810217408,2.743190810217408,0.11816078679681441,0.04501311822820328,-1.2751953519230073,-0.3173401710212359,-1.5159548334538828,0.04402943866640607
scotian_shelf-6-1983,scotian_shelf,1983,222.39484160215068,0.22239484160215067,0.05089521237791056,0.2967657283466414,0.031721346713785514,0.1663647416352106,0.7548160879242459,0.2598732632266289
west_coast-5-1983,west_coast,1983,110.94716839782515,0.11094716839782515,NA,NA,-0.16221129529851458,-0.5938358749844155,-0.8790017521056187,NA
eastern_bering_sea-5-1984,eastern_bering_sea,1984,288.83626873239444,0.28883626873239443,-0.03933488169253507,-0.11986087637990923,-0.03556154547445872,-0.10962325859502495,-0.500229984892545,-0.12767528898275565
gulf_of_alaska-5-1984,gulf_of_alaska,1984,170.01311212471163,0.17001311212471162,NA,NA,-0.04959517303030289,-0.22583470835490216,-1.3530881737954998,NA
northeast-2-1984,northeast,1984,109.97461765997853,0.10997461765997854,-0.03553660986367144,-0.2442190232908018,-0.05357344346722745,-0.3275700310843708,-1.2515282747171785,-0.28000365812524475
ns_ibts-1-1984,ns_ibts,1984,2670.787937541925,2.6707879375419252,-0.07240287267548284,-0.026393669884649636,-1.34759822459849,-0.3353580691908128,-1.6020275160611601,-0.02674823556809244
scotian_shelf-6-1984,scotian_shelf,1984,252.84915319452207,0.25284915319452206,0.030454311592371386,0.13693803045509523,0.0621756583061569,0.32608443214700233,1.4794828098005237,0.12833871060505744
eastern_bering_sea-5-1985,eastern_bering_sea,1985,239.721740226629,0.239721740226629,-0.04911452850576542,-0.17004280217755416,-0.08467607398022414,-0.26102541469724644,-1.1911043415790203,-0.1863811484098338
northeast-2-1985,northeast,1985,180.71921472495913,0.18071921472495914,0.0707445970649806,0.643281136777488,0.017171153597753147,0.10499148372292595,0.4011350185142735,0.4966949362719988
ns_ibts-1-1985,ns_ibts,1985,3614.2896191356235,3.6142896191356235,0.9435016815936983,0.353267164469095,-0.4040965430047918,-0.10056189890658682,-0.4803907939488048,0.30252179050078054
scotian_shelf-6-1985,scotian_shelf,1985,262.2915993637406,0.2622915993637406,0.009442446169218521,0.03734418743318572,0.07161810447537542,0.3756059777333296,1.704167793770243,0.03666378105716177
swc_ibts-1-1985,swc_ibts,1985,3685.0395021677773,3.6850395021677773,NA,NA,-4.976124300564919,-0.5745329858551913,-1.0845197192501046,NA
aleutian_islands-5-1986,aleutian_islands,1986,365.4184931937174,0.3654184931937174,0.06104807905578691,0.2005716594653052,-0.1502787551669595,-0.29140887535210397,-1.0059517866682506,0.18279782624740518
eastern_bering_sea-5-1986,eastern_bering_sea,1986,259.05848079096023,0.2590584807909602,0.019336740564331212,0.08066327462019329,-0.06533933341589293,-0.20141730478562697,-0.9191021743134344,0.07757499579423613
northeast-2-1986,northeast,1986,114.62024243889906,0.11462024243889905,-0.06609897228606008,-0.3657550880057645,-0.04892781868830694,-0.29916477365177313,-1.1430019156060183,-0.4553201026173265
ns_ibts-1-1986,ns_ibts,1986,4029.211196675302,4.029211196675302,0.4149215775396784,0.11480031244394551,0.01082503453488659,0.0026938761229260695,0.012868823118528225,0.1086752968946746
swc_ibts-1-1986,swc_ibts,1986,3394.269522056168,3.394269522056168,-0.29076998011160926,-0.07890552596262798,-5.266894280676528,-0.6081046843860363,-1.1478914837297822,-0.08219267031397479
west_coast-5-1986,west_coast,1986,125.68899954073942,0.12568899954073942,0.014741831142914275,0.13287253163644736,-0.1474694641556003,-0.5398678194336922,-0.7991177009979553,0.12475647054144232
eastern_bering_sea-5-1987,eastern_bering_sea,1987,309.31128454810533,0.30931128454810536,0.05025280375714514,0.19398246914639783,-0.015086529658747794,-0.04650626175035762,-0.21221615659804813,0.17729433240566878
gulf_of_alaska-5-1987,gulf_of_alaska,1987,164.70116362433876,0.16470116362433876,-0.005311948500372865,-0.03124434600359725,-0.054907121530675757,-0.2500229965910374,-1.4980122512107281,-0.03174286194822845
northeast-2-1987,northeast,1987,145.06941903803258,0.14506941903803258,0.03044917659913353,0.2656526975622579,-0.018478642089173408,-0.11298600522571106,-0.4316792342670051,0.2355879555669408
ns_ibts-1-1987,ns_ibts,1987,4007.776027656891,4.007776027656891,-0.021435169018411138,-0.0053199417881341984,-0.010610134483524547,-0.0026403969293665396,-0.01261334949946233,-0.00533414306749434
scotian_shelf-6-1987,scotian_shelf,1987,252.0632543454751,0.2520632543454751,-0.010228345018265472,-0.038996083149735246,0.06138975945710995,0.32196273264436787,1.460782182109834,-0.03977679421342352
swc_ibts-1-1987,swc_ibts,1987,4838.764686331104,4.838764686331104,1.4444951642749362,0.42556878730122033,-3.8223991164015922,-0.44132627017117276,-0.8330714761508439,0.3545708830651621
eastern_bering_sea-5-1988,eastern_bering_sea,1988,360.30477677053824,0.36030477677053824,0.05099349222243288,0.16486140263822854,0.035906962563685085,0.11068805334424638,0.5050888284276055,0.15260211224793888
northeast-2-1988,northeast,1988,139.18521727868153,0.13918521727868152,-0.00588420175935106,-0.040561282993822494,-0.024362843848524468,-0.148964430887232,-0.5691399685293708,-0.041406835291515884
ns_ibts-1-1988,ns_ibts,1988,5785.915348520671,5.785915348520671,1.7781393208637803,0.443672328142387,1.7675291863802558,0.4398604601601484,2.1012422993255533,0.3671900951515095
scotian_shelf-6-1988,scotian_shelf,1988,322.9224821453845,0.3229224821453845,0.07085922779990939,0.2811168489588352,0.13224898725701933,0.6935887304863636,3.1468923464685457,0.2477322357404007
swc_ibts-1-1988,swc_ibts,1988,7038.532130702471,7.03853213070247,2.199767444371366,0.4546134368933934,-1.6226316720302263,-0.1873456857516385,-0.3536439082112094,0.3747401862134387
eastern_bering_sea-5-1989,eastern_bering_sea,1989,342.95430875706256,0.34295430875706256,-0.017350468013475673,-0.04815497637580697,0.018556494550209413,0.057202896374563154,0.26102675979526274,-0.04935304775327422
northeast-2-1989,northeast,1989,145.20303787446952,0.1452030378744695,0.0060178205957879816,0.04323606136806102,-0.018345023252736486,-0.11216900479466961,-0.42855776696879205,0.042327479621990606
ns_ibts-1-1989,ns_ibts,1989,4243.510511333698,4.243510511333698,-1.5424048371869734,-0.2665792263243761,0.2251243491932824,0.056023572675595885,0.26762828516671194,-0.3100356985815892
scotian_shelf-6-1989,scotian_shelf,1989,216.12657762538248,0.21612657762538248,-0.10679590452000201,-0.33071684514031735,0.025453082737017324,0.13349040857471828,0.6056614339396322,-0.4015480574879753
southeast-4-1989,southeast,1989,46.14559353090648,0.046145593530906484,NA,NA,-0.015147963600901163,-0.24713794254633473,-0.6351473298731913,NA
swc_ibts-1-1989,swc_ibts,1989,5085.8178765243165,5.085817876524317,-1.9527142541781535,-0.2774320295648442,-3.5753459262083798,-0.4128020214881881,-0.7792275525901387,-0.3249437866936283
west_coast-5-1989,west_coast,1989,195.5467121841684,0.1955467121841684,0.06985771264342897,0.5557981438207412,-0.07761175151217134,-0.28412720756274823,-0.42056791074652883,0.44198868971921246
eastern_bering_sea-5-1990,eastern_bering_sea,1990,356.7770364672368,0.35677703646723685,0.013822727710174287,0.04030486673362033,0.0323792222603837,0.09981331822333735,0.45546552170454085,0.03951381128584637
gulf_of_alaska-5-1990,gulf_of_alaska,1990,190.16344957627118,0.19016344957627118,0.025462285951932423,0.15459687953394474,-0.029444835578743334,-0.1340788921417931,-0.8033333965103268,0.14375126100285307
northeast-2-1990,northeast,1990,165.46973127545587,0.16546973127545586,0.020266693400986358,0.1395748580584606,0.001921670148249871,0.011749880341016185,0.04489210268303725,0.1306552613224821
ns_ibts-1-1990,ns_ibts,1990,3617.1213464465195,3.6171213464465195,-0.6263891648871782,-0.14761107889663497,-0.4012648156938958,-0.09985720622732783,-0.4770244307500191,-0.1597123761399291
scotian_shelf-6-1990,scotian_shelf,1990,168.0535537170839,0.16805355371708391,-0.04807302390829857,-0.22242995024714046,-0.022619941171281244,-0.11863180661016721,-0.5382462370856119,-0.2515815428420049
southeast-4-1990,southeast,1990,54.22579179731816,0.05422579179731816,0.008080198266411674,0.17510227192115058,-0.007067765334489488,-0.11531008584296612,-0.29634823522445247,0.16135518374126123
swc_ibts-1-1990,swc_ibts,1990,3625.5775118537663,3.6255775118537663,-1.4602403646705504,-0.287120066058773,-5.03558629087893,-0.5813983438680775,-1.0974791425173414,-0.3384422683423231
aleutian_islands-5-1991,aleutian_islands,1991,316.191657272727,0.316191657272727,-0.049226835920990364,-0.13471358685422086,-0.19950559108794985,-0.38686572736648833,-1.3354715746897086,-0.1446947133928944
eastern_bering_sea-5-1991,eastern_bering_sea,1991,328.37052642045455,0.32837052642045456,-0.028406510046782296,-0.07961978250635222,0.003972712213601404,0.012246421028805677,0.05588254796236488,-0.08296841443126063
northeast-2-1991,northeast,1991,119.28437868234006,0.11928437868234006,-0.046185352593115805,-0.2791166229443589,-0.044263682444865934,-0.2706463295241275,-1.034043110496348,-0.3272779064369291
ns_ibts-1-1991,ns_ibts,1991,3722.7617349919074,3.7227617349919075,0.10564038854538804,0.029205652348149657,-0.2956244271485078,-0.07356794872871099,-0.3514389215322939,0.02878729339263861
scotian_shelf-6-1991,scotian_shelf,1991,203.48788267207772,0.2034878826720777,0.03543432895499379,0.21085141117959963,0.01281438778371255,0.06720592073489329,0.3049210408157943,0.19132375776912505
southeast-4-1991,southeast,1991,75.37679333856786,0.07537679333856787,0.021151001541249707,0.39005426827710743,0.014083236206760219,0.2297669912756927,0.590503787067792,0.32934278830646074
swc_ibts-1-1991,swc_ibts,1991,7453.597990356013,7.453597990356013,3.8280204785022462,1.0558374399627635,-1.207565812376684,-0.13942304289357546,-0.2631825205142301,0.7206832783010535
bits-2-1992,bits,1992,4106.247080700592,4.106247080700592,NA,NA,-0.9059484430107609,-0.18074882329010547,-0.49468111554355015,NA
eastern_bering_sea-5-1992,eastern_bering_sea,1992,294.49984434523833,0.29449984434523835,-0.03387068207521621,-0.10314775337615796,-0.029897969861614804,-0.09216452316337212,-0.4205627402480314,-0.10886414997398121
northeast-2-1992,northeast,1992,139.9776594331517,0.1399776594331517,0.020693280750811657,0.17347854747953914,-0.023570401694054277,-0.14411911417110265,-0.5506277412351902,0.1599724553404299
ns_ibts-1-1992,ns_ibts,1992,4038.77158456057,4.03877158456057,0.31600984956866274,0.08488586486702719,0.020385422420154953,0.005073037183986455,0.024234231722402726,0.08147478778823795
scotian_shelf-6-1992,scotian_shelf,1992,178.5917920421719,0.1785917920421719,-0.024896090629905804,-0.12234679678704037,-0.012081702846193254,-0.06336330517918501,-0.2874866492936023,-0.1305037483251943
southeast-4-1992,southeast,1992,50.385943686676256,0.05038594368667625,-0.024990849651891613,-0.33154567267993085,-0.010907613445131394,-0.17795693308638147,-0.4573513468537764,-0.4027872059109045
swc_ibts-1-1992,swc_ibts,1992,4547.859568304968,4.547859568304968,-2.9057384220510443,-0.3898437272590623,-4.113304234427728,-0.4749135714452062,-0.8964726932173683,-0.49404016980329873
west_coast-5-1992,west_coast,1992,178.93440030799107,0.17893440030799107,-0.016612311876177316,-0.08495316382784093,-0.09422406338834866,-0.344942866178564,-0.5105878518290076,-0.08878002794323135
bits-2-1993,bits,1993,5493.901841639092,5.493901841639092,1.3876547609385002,0.3379374727498726,0.4817063179277392,0.09610684891459557,0.26302933743663337,0.29112922873803904
eastern_bering_sea-5-1993,eastern_bering_sea,1993,343.3182915492958,0.3433182915492958,0.048818447204057425,0.16576731071826373,0.01892047734244262,0.05832492240646827,0.26614675962178136,0.15337950602195946
gulf_of_alaska-5-1993,gulf_of_alaska,1993,194.34104987080119,0.1943410498708012,0.004177600294530015,0.021968471353662807,-0.02526723528421332,-0.11505592908927811,-0.6893573539240985,0.02173064135815086
northeast-2-1993,northeast,1993,102.1734144001833,0.10217341440018331,-0.037804245032968406,-0.27007341875881524,-0.06137464672702268,-0.3752697910572362,-1.4337720474629447,-0.3148113235397807
ns_ibts-1-1993,ns_ibts,1993,5374.882181210587,5.374882181210587,1.336110596650017,0.3308210352270738,1.356496019070172,0.3375723398240121,1.6126052322644733,0.2857960714898291
scotian_shelf-6-1993,scotian_shelf,1993,178.12197182582335,0.17812197182582334,-4.6982021634855986e-4,-0.0026306932193032617,-0.012551523062541814,-0.06582730898120075,-0.29866611972818596,-0.0026341595733209646
southeast-4-1993,southeast,1993,39.28905581571073,0.03928905581571073,-0.011096887870965522,-0.2202377698822363,-0.022004501316096915,-0.35900186489059077,-0.9226388856175118,-0.2487662389519326
swc_ibts-1-1993,swc_ibts,1993,5930.415751940764,5.930415751940764,1.3825561836357956,0.3040015116718056,-2.7307480507919326,-0.31528650340619935,-0.5951519557201222,0.2654376227613089
aleutian_islands-5-1994,aleutian_islands,1994,360.0051065789474,0.3600051065789474,0.04381344930622039,0.138566114248959,-0.15569214178172947,-0.3019060936948008,-1.0421884851357337,0.12976967620049862
bits-2-1994,bits,1994,7647.138383971384,7.6471383839713845,2.1532365423322926,0.39193211025588326,2.6349428602600318,0.5257063192756196,1.4387755545725496,0.3306927893549661
eastern_bering_sea-5-1994,eastern_bering_sea,1994,375.55418338028176,0.37555418338028174,0.03223589183098596,0.0938950607190626,0.051156369173428584,0.15769640525632084,0.7195961097124152,0.08974477683865453
northeast-2-1994,northeast,1994,125.51780784704579,0.12551780784704578,0.02334439344686247,0.22847815729666549,-0.038030253280160214,-0.2325325841104327,-0.8884240809327881,0.20577613284273674
ns_ibts-1-1994,ns_ibts,1994,3866.378053291285,3.8663780532912853,-1.508504127919302,-0.28065808273764636,-0.15200810884913007,-0.03782814859390271,-0.180707549620943,-0.32941848873049306
scotian_shelf-6-1994,scotian_shelf,1994,197.3951351183536,0.1973951351183536,0.01927316329253026,0.10820205444040633,0.006721640229988446,0.03525209538915625,0.15994283687297592,0.1027389313028556
southeast-4-1994,southeast,1994,39.22734216079773,0.039227342160797735,-6.17136549129968e-5,-0.0015707594298644107,-0.022066214971009912,-0.3600087187558394,-0.9252265115299727,-0.0015719943658185995
swc_ibts-1-1994,swc_ibts,1994,6148.978326092701,6.148978326092701,0.21856257415193703,0.03685451126768155,-2.5121854766399956,-0.29005172213084945,-0.5475174097882755,0.036191621687947956
bits-2-1995,bits,1995,4176.104148674721,4.176104148674721,-3.4710342352966634,-0.45389975452413,-0.8360913750366317,-0.16681140451949802,-0.4565365913372942,-0.6049527203169519
eastern_bering_sea-5-1995,eastern_bering_sea,1995,350.73802022471926,0.3507380202247193,-0.024816163155562454,-0.06607878238020824,0.02634020601786613,0.08119723643103904,0.3705171044336973,-0.06836319375438658
northeast-2-1995,northeast,1995,115.71583086204411,0.11571583086204411,-0.009801976985001667,-0.07809232134571867,-0.04783223026516188,-0.2924658961744491,-1.117407893637697,-0.08131019205045621
ns_ibts-1-1995,ns_ibts,1995,4551.374804633075,4.551374804633075,0.6849967513417896,0.17716755627626238,0.5329886424926595,0.1326374870375226,0.6336179845263071,0.16311117691946614
scotian_shelf-6-1995,scotian_shelf,1995,174.0422275854853,0.17404222758548532,-0.023352907532868283,-0.11830538538280802,-0.016631267302879837,-0.0872238027242174,-0.39574448827945385,-0.12590952486154414
southeast-4-1995,southeast,1995,49.55661551020002,0.04955661551020002,0.010329273349402285,0.26331820562966807,-0.011736941621607627,-0.19148736295999477,-0.49212470588443485,0.23374175591891228
swc_ibts-1-1995,swc_ibts,1995,6361.347006097209,6.361347006097208,0.21236868000450748,0.0345372302099908,-2.299816796635488,-0.2655320750208961,-0.501232790011021,0.033954206159067565
west_coast-5-1995,west_coast,1995,203.26634809957952,0.20326634809957952,0.024331947791588454,0.13598250392158834,-0.0698921155967602,-0.2558665569098262,-0.3787362153471642,0.12749791870288052
bits-2-1996,bits,1996,2038.147699595359,2.038147699595359,-2.137956449079362,-0.5119499832775576,-2.9740478241159938,-0.5933622920427927,-1.623939316485025,-0.717337385097374
eastern_bering_sea-5-1996,eastern_bering_sea,1996,310.51696535211295,0.31051696535211293,-0.040221054872606354,-0.11467549154447687,-0.013880848854740224,-0.04278958811322034,-0.19525632871860138,-0.12180102496257408
gulf_of_alaska-5-1996,gulf_of_alaska,1996,231.99104106508173,0.23199104106508173,0.03764999119428053,0.19373154163420653,0.012382755910067211,0.056385650028306616,0.33783450197201476,0.1770841501878804
northeast-2-1996,northeast,1996,141.94264028703574,0.14194264028703574,0.02622680942499163,0.22664841300979044,-0.021605420840170253,-0.13210441439208367,-0.5047238579162442,0.20428558270347086
ns_ibts-1-1996,ns_ibts,1996,4061.0241468903846,4.061024146890385,-0.49035065774268993,-0.1077368221231829,0.042637984749969604,0.010610723566512147,0.05068812317499098,-0.11399414745579642
scotian_shelf-6-1996,scotian_shelf,1996,174.52180442555076,0.17452180442555076,4.795768400654432e-4,0.002755520006372515,-0.016151690462814394,-0.08470862965128335,-0.3843328569403609,0.0027517305208589775
southeast-4-1996,southeast,1996,30.38109067121462,0.030381090671214618,-0.0191755248389854,-0.3869417764221325,-0.03091246646059303,-0.5043346789959973,-1.2961458747545582,-0.489295366189539
swc_ibts-1-1996,swc_ibts,1996,8028.945955939105,8.028945955939106,1.6675989498418975,0.26214557203742245,-0.6322178467935906,-0.07299456068411021,-0.13778850372199328,0.23281310773406202
aleutian_islands-5-1997,aleutian_islands,1997,405.98434898989865,0.40598434898989866,0.04597924241095125,0.12771830613149432,-0.10971289937077822,-0.21274672246078263,-0.7344077811928371,0.12019639328165503
bits-2-1997,bits,1997,1976.7602671791915,1.9767602671791915,-0.0613874324161674,-0.030119226603820163,-3.0354352565321614,-0.6056099053144138,-1.6574591086787884,-0.030582129063813173
eastern_bering_sea-5-1997,eastern_bering_sea,1997,337.03704101123606,0.33703704101123605,0.02652007565912312,0.08540620519413647,0.012639226804382897,0.03896212073834585,0.17779092975447072,0.08195429959612545
evhoe-10-1997,evhoe,1997,5183.661479738558,5.183661479738558,NA,NA,-1.3059246030510563,-0.2012338824681545,-0.8381649881608901,NA
northeast-2-1997,northeast,1997,112.60616956323501,0.11260616956323502,-0.029336470723800717,-0.20667835024399042,-0.05094189156397097,-0.3114796422095698,-1.1900526367861204,-0.23152652829147982
ns_ibts-1-1997,ns_ibts,1997,4094.791733872126,4.094791733872126,0.03376758698174065,0.008315042156938965,0.07640557173171025,0.019013994337222288,0.09083109940357346,0.008280662640515758
scotian_shelf-6-1997,scotian_shelf,1997,138.8317599139685,0.1388317599139685,-0.03569004451158225,-0.20450192243346454,-0.05184173497439665,-0.2718874744743561,-1.2335849400610106,-0.2287868478426204
southeast-4-1997,southeast,1997,25.862222871216616,0.025862222871216617,-0.004518867799998001,-0.14873948565248593,-0.03543133426059103,-0.578059683897907,-1.485619977864228,-0.16103706993829184
swc_ibts-1-1997,swc_ibts,1997,7010.201408332193,7.010201408332192,-1.0187445476069135,-0.1268839712208221,-1.650962394400504,-0.19061669216781313,-0.35981843786829176,-0.13568682386501107
bits-2-1998,bits,1998,1191.291119830013,1.1912911198300131,-0.7854691473491784,-0.3973517479031646,-3.8209044038813396,-0.762321498793426,-2.086354104893399,-0.5064215823139994
eastern_bering_sea-5-1998,eastern_bering_sea,1998,269.62360732394353,0.2696236073239435,-0.06741343368729252,-0.200017877812561,-0.054774206882909626,-0.16884887777937585,-0.7704867804808494,-0.22316589882961482
evhoe-10-1998,evhoe,1998,3882.96510622902,3.88296510622902,-1.3006963735095383,-0.2509223217205804,-2.6066209765605945,-0.40166213119097915,-1.672974408212005,-0.28891259152403986
fr_cgfs-10-1998,fr_cgfs,1998,1885.3126281045113,1.8853126281045114,NA,NA,-1.6532875697473068,-0.4672151351686946,-0.5297781759883569,NA
northeast-2-1998,northeast,1998,104.64442930292377,0.10464442930292377,-0.007961740260311254,-0.07070429880700511,-0.058903631824282224,-0.36016099132149043,-1.3760467115897894,-0.07332829028449282
ns_ibts-1-1998,ns_ibts,1998,3681.155555100849,3.6811555551008492,-0.41363617877127634,-0.10101519336128308,-0.3372306070395661,-0.08392190133860564,-0.4009004329879989,-0.10648914494396575
scotian_shelf-6-1998,scotian_shelf,1998,122.26705331075148,0.12226705331075148,-0.01656470660321703,-0.11931496520307655,-0.06840644157761368,-0.3587621951213725,-1.6277456025532966,-0.127055225711004
southeast-4-1998,southeast,1998,35.83045772708462,0.03583045772708462,0.009968234855868001,0.3854361206886882,-0.02546309940472303,-0.4154286452973574,-1.0676563545639461,0.3260149786561872
swc_ibts-1-1998,swc_ibts,1998,5334.648575327631,5.334648575327631,-1.675552833004561,-0.23901636135775367,-3.326515227405065,-0.3840725453495651,-0.7249962305195983,-0.2731434211646553
west_coast-5-1998,west_coast,1998,196.41507727863583,0.19641507727863583,-0.0068512708209436946,-0.03370587844470586,-0.0767433864177039,-0.280948228289264,-0.41586235409525146,-0.03428701745259248
bits-2-1999,bits,1999,1520.6406076640435,1.5206406076640435,0.3293494878340304,0.27646431871415755,-3.491554916047309,-0.6966118738843485,-1.9065171911017165,0.24409400487171545
eastern_bering_sea-5-1999,eastern_bering_sea,1999,245.5352181303116,0.2455352181303116,-0.02408838919363193,-0.08934080154446772,-0.07886259607654156,-0.2431045852431503,-1.1093284815838202,-0.0935865478106905
evhoe-10-1999,evhoe,1999,7059.045428202083,7.059045428202083,3.176080321973063,0.817952321250073,0.5694593454124686,0.08774971749318113,0.3654888531777584,0.5977107694763278
fr_cgfs-10-1999,fr_cgfs,1999,2256.8172316642845,2.2568172316642845,0.3715046035597731,0.19705198916175665,-1.2817829661875337,-0.36222881775840826,-0.41073353133814877,0.17986185851632872
gulf_of_alaska-5-1999,gulf_of_alaska,1999,176.12103041018395,0.17612103041018395,-0.05587001065489777,-0.24082831129338417,-0.04348725474483056,-0.19802192214257439,-1.186447924480668,-0.2755273233372026
northeast-2-1999,northeast,1999,137.12425757739248,0.1371242575773925,0.03247982827446873,0.3103827742272492,-0.026423803549813496,-0.16156598474904166,-0.6172860120218664,0.27031928859929005
ns_ibts-1-1999,ns_ibts,1999,3339.486166944882,3.339486166944882,-0.34166938815596737,-0.09281579738800443,-0.6788999951955335,-0.16894842053554995,-0.8070776980142458,-0.09740975950682919
rockall-8-1999,rockall,1999,5313.198380383346,5.313198380383346,NA,NA,-2.367231192389192,-0.30821598843652326,-0.6434389220734049,NA
scotian_shelf-6-1999,scotian_shelf,1999,222.18360676140546,0.22218360676140544,0.09991655345065396,0.8171993251256989,0.031510111873040286,0.16525690627052655,0.7497897106533427,0.5972964835216308
southeast-4-1999,southeast,1999,30.120812479130645,0.030120812479130645,-0.005709645247953973,-0.1593517250447513,-0.031172744652677,-0.5085810990809707,-1.307059222784819,-0.17358192889612353
swc_ibts-1-1999,swc_ibts,1999,6683.342387505843,6.683342387505843,1.3486938121782117,0.25281774293733694,-1.9778214152268534,-0.22835515645170318,-0.4310556160595024,0.2253952087797007
aleutian_islands-5-2000,aleutian_islands,2000,498.10551291226267,0.4981055129122627,0.09212116392236402,0.2269081656757564,-0.017591735448414192,-0.03411252533213168,-0.11775741478073022,0.20449731832774196
bits-2-2000,bits,2000,3417.980675732702,3.417980675732702,1.8973400680686583,1.2477241884150967,-1.5942148479786509,-0.31806717045192034,-0.8704998452155879,0.8099182325180002
eastern_bering_sea-5-2000,eastern_bering_sea,2000,304.76586562499995,0.30476586562499997,0.05923064749468837,0.24123076088927173,-0.019631948581853187,-0.06051812842775452,-0.27615473994416206,0.21610343647003002
evhoe-10-2000,evhoe,2000,4939.663372954354,4.939663372954354,-2.119382055247729,-0.3002363530315924,-1.5499227098352604,-0.2388322906981165,-0.9947671915394465,-0.3570126481423677
fr_cgfs-10-2000,fr_cgfs,2000,1418.4765435401205,1.4184765435401205,-0.838340688124164,-0.37147035052808935,-2.1201236543116977,-0.5991419023824063,-0.679370765863009,-0.4643720770893431
northeast-2-2000,northeast,2000,139.77440781140155,0.13977440781140155,0.002650150234009052,0.019326633236379172,-0.023773653315804444,-0.14536187804338166,-0.5553758988117713,0.019142245798563717
ns_ibts-1-2000,ns_ibts,2000,4273.958760761119,4.273958760761119,0.9344725938162375,0.279825262660434,0.25557259862070403,0.06360080597245833,0.3038252261452861,0.2467235550661676
scotian_shelf-6-2000,scotian_shelf,2000,157.5141696914018,0.1575141696914018,-0.06466943707000364,-0.2910630447162094,-0.03315932519696335,-0.17390631674516355,-0.7890330870631834,-0.34398867701892777
southeast-4-2000,southeast,2000,43.44826021384338,0.04344826021384338,0.013327447734712738,0.4424664090301922,-0.017845296917964264,-0.29114474266176393,-0.7482453078752449,0.3663544324947975
swc_ibts-1-2000,swc_ibts,2000,5283.448743002055,5.283448743002055,-1.3998936445037877,-0.20946011192256367,-3.377715059730641,-0.3899839717457986,-0.7361549605724393,-0.23503916430464328
bits-2-2001,bits,2001,4269.795107911864,4.269795107911864,0.8518144321791619,0.24921569575479272,-0.742400415799489,-0.14811880587806117,-0.4053778873411282,0.222515910993059
eastern_bering_sea-5-2001,eastern_bering_sea,2001,304.87915380281663,0.3048791538028166,1.1328817781663947e-4,3.71722002345352e-4,-0.019518660404036547,-0.06016890234528652,-0.2745611606235326,3.716529308382536e-4
evhoe-10-2001,evhoe,2001,4968.069125283532,4.968069125283532,0.028405752329177858,0.005750544153414389,-1.5215169575060825,-0.23445516217762274,-0.9765358885920468,0.005734072890034735
fr_cgfs-10-2001,fr_cgfs,2001,1853.074667023801,1.8530746670238012,0.43459812348368065,0.306383722355426,-1.685525530828017,-0.47632550629801323,-0.5401084830271575,0.26726280267259966
northeast-2-2001,northeast,2001,122.68846921754519,0.12268846921754518,-0.017085938593856362,-0.12223939175553884,-0.040859591909660806,-0.2498323222424547,-0.9545202111122059,-0.13038137828237642
ns_ibts-1-2001,ns_ibts,2001,5230.159579055194,5.230159579055194,0.9562008182940742,0.22372719808924668,1.2117734169147782,0.30155723417814095,1.440558707850276,0.20190128187121395
rockall-8-2001,rockall,2001,3438.6393102616844,3.4386393102616846,-1.8745590701216615,-0.35281179732393364,-4.241790262510854,-0.5522855489161944,-1.152964257545456,-0.4351181416548162
scotian_shelf-6-2001,scotian_shelf,2001,203.2150155976988,0.2032150155976988,0.045700845906297,0.29013799835172327,0.012541520709333648,0.06577485096539723,0.29842811163897254,0.2547491881185658
southeast-4-2001,southeast,2001,40.57502197125242,0.04057502197125242,-0.0028732382425909614,-0.06613011035308376,-0.020718535160555225,-0.3380214190539051,-0.8687189006268556,-0.06841815490361658
swc_ibts-1-2001,swc_ibts,2001,4858.543318647705,4.858543318647705,-0.42490542435435064,-0.08042198287948553,-3.8026204840849918,-0.4390426703262697,-0.8287608288535656,-0.08384039120646225
west_coast-5-2001,west_coast,2001,191.44039793913504,0.19144039793913503,-0.004974679339500798,-0.025327380201285072,-0.0817180657572047,-0.2991599258957895,-0.442819489524925,-0.02565363893461199
aleutian_islands-5-2002,aleutian_islands,2002,577.4866950893437,0.5774866950893437,0.07938118217708101,0.15936619876572894,0.06178944672866682,0.11981728994111579,0.4136127176784803,0.147873475423752
bits-2-2002,bits,2002,4896.895016878668,4.896895016878668,0.6270999089668043,0.146868852747711,-0.11530050683268467,-0.023003992220021925,-0.06295831046762082,0.13703549224443742
eastern_bering_sea-5-2002,eastern_bering_sea,2002,308.18323633802794,0.30818323633802797,0.003304082535211361,0.01083735143580301,-0.016214577868825186,-0.04998362244970589,-0.22808395794235023,0.010779048199599416
evhoe-10-2002,evhoe,2002,8102.201869705708,8.102201869705707,3.1341327444221756,0.6308553012018141,1.612615786916093,0.248492857070307,1.0350046923005618,0.4891046018625138
fr_cgfs-10-2002,fr_cgfs,2002,1689.7411827318795,1.6897411827318796,-0.16333348429192163,-0.08814187965466572,-1.8488590151199387,-0.5224831605001117,-0.5924469370078057,-0.09227087080682422
northeast-2-2002,northeast,2002,178.72495322293705,0.17872495322293705,0.056036484005391865,0.45673798330657067,0.01517689209573106,0.09279775003829993,0.3545471104869055,0.37619967803264276
ns_ibts-1-2002,ns_ibts,2002,4838.057139849199,4.838057139849199,-0.39210243920599464,-0.07496949821114757,0.8196709777087836,0.20398014143871662,0.9744265289437192,-0.07792856710650459
pt_ibts-9-2002,pt_ibts,2002,3008.835734466971,3.008835734466971,NA,NA,-0.7736504808904545,-0.2045349108608314,-0.5264317360674036,NA
rockall-8-2002,rockall,2002,3599.020890083353,3.599020890083353,0.16038157982166856,0.04664100109105754,-4.081408682689185,-0.5314036987147124,-1.1093708175922035,0.04558598970081964
scotian_shelf-6-2002,scotian_shelf,2002,220.0617910715091,0.2200617910715091,0.016846775473810305,0.082901233574007,0.029388296183143953,0.15412890082258213,0.6993006619759794,0.0796437667909023
southeast-4-2002,southeast,2002,43.65049975925049,0.04365049975925049,0.0030754777879980696,0.07579731663921363,-0.017643057372557155,-0.28784521894555665,-0.7397654943079314,0.07306207656054398
swc_ibts-1-2002,swc_ibts,2002,6386.668600169827,6.386668600169827,1.5281252815221222,0.3145233419360457,-2.2744952025628695,-0.2626084963137679,-0.4957140837979378,0.273474122303663
bits-2-2003,bits,2003,3369.5821620370607,3.3695821620370605,-1.5273128548416075,-0.3118941389548377,-1.6426133616742922,-0.32772332082887207,-0.8969272108458474,-0.3738125850870278
eastern_bering_sea-5-2003,eastern_bering_sea,2003,396.1503497191016,0.3961503497191016,0.08796711338107366,0.2854376974761461,0.07175253551224847,0.22118686492287915,1.0093141137826258,0.2510992809531598
evhoe-10-2003,evhoe,2003,9831.808530439477,9.831808530439478,1.7296066607337703,0.21347365673531338,3.3422224476498634,0.5150131926770244,2.1450961500539156,0.19348703744893825
fr_cgfs-10-2003,fr_cgfs,2003,1843.5195775611323,1.8435195775611324,0.15377839482925282,0.09100707043230873,-1.6950806202906858,-0.4790257518551319,-0.5431703084225495,0.08710118751949304
gulf_of_alaska-5-2003,gulf_of_alaska,2003,260.33750217669655,0.26033750217669654,0.08421647176651259,0.47817385334603907,0.04072921702168203,0.18546302564556055,1.1112013228851063,0.39080744304149007
ie_igfs-10-2003,ie_igfs,2003,4755.979786892941,4.755979786892941,NA,NA,-1.4292266526851964,-0.2310717785488623,-1.5459468976317496,NA
northeast-2-2003,northeast,2003,168.32554166256372,0.16832554166256372,-0.010399411560373328,-0.058186679435866806,0.004777480535357731,0.02921147766858487,0.11160663912837332,-0.05994819754353356
ns_ibts-1-2003,ns_ibts,2003,4888.82376917356,4.888823769173561,0.05076662932436182,0.010493185147859622,0.8704376070331454,0.2166137279771793,1.0347780013564531,0.01043851379907418
rockall-8-2003,rockall,2003,4337.384427366243,4.337384427366243,0.7383635372828898,0.2051567800890951,-3.343045145406295,-0.43526799038136327,-0.9086756594449716,0.18660966643706745
scotian_shelf-6-2003,scotian_shelf,2003,120.72012482018931,0.12072012482018932,-0.0993416662513198,-0.451426237001946,-0.06995337006817584,-0.36687516589094826,-1.6645550899335173,-0.6004335269995296
southeast-4-2003,southeast,2003,58.74469707455622,0.05874469707455622,0.01509419731530573,0.3457966666717702,-0.002548860057251426,-0.04158446950256574,-0.10687256071089075,0.2969861549312737
swc_ibts-1-2003,swc_ibts,2003,8454.778012017901,8.4547780120179,2.0681094118480736,0.32381661572248804,-0.2063857907147959,-0.023828875127575675,-0.044980681004654736,0.2805189401592592
west_coast-5-2003,west_coast,2003,1048.605429891754,1.048605429891754,0.857165031952619,4.4774511606747645,0.7754469661954142,2.8388172773494955,4.202045490706327,1.7006398760944272
aleutian_islands-5-2004,aleutian_islands,2004,676.1829070694117,0.6761829070694118,0.09869621198006806,0.1709064690482586,0.16048565870873488,0.3112013089441419,1.0742758344871994,0.15777820870847026
bits-2-2004,bits,2004,3750.2040977005904,3.7502040977005904,0.38062193566352986,0.11295819996667693,-1.2619914260107623,-0.2517841572701263,-0.6890936578583913,0.10702151540367943
eastern_bering_sea-5-2004,eastern_bering_sea,2004,328.9766577464788,0.3289766577464788,-0.06717369197262285,-0.1695661559310845,0.004578843539625621,0.014114902564373966,0.0644087540092242,-0.18580701105599698
evhoe-10-2004,evhoe,2004,7778.507130459114,7.778507130459114,-2.0533013999803638,-0.20884269599263464,1.2889210476694997,0.19861375305394577,0.8272518123452429,-0.23425846372000803
fr_cgfs-10-2004,fr_cgfs,2004,1352.53787555248,1.35253787555248,-0.49098170200865243,-0.2663284447774578,-2.186062322299338,-0.61777601313266,-0.7005001010693054,-0.3096938229621465
ie_igfs-10-2004,ie_igfs,2004,4914.835779921345,4.914835779921345,0.15885599302840436,0.03340131795055089,-1.270370659656792,-0.20538856254302126,-1.3741176575800915,0.03285561222386993
norbts-1-2004,norbts,2004,1833.1020543911982,1.8331020543911982,NA,NA,-0.782570404751459,-0.29918516824081376,-0.6906949565108402,NA
northeast-2-2004,northeast,2004,150.70420413590966,0.15070420413590965,-0.01762133752665407,-0.10468605864925089,-0.012843856991296337,-0.07853261544511077,-0.30004511826581615,-0.11058084975462033
ns_ibts-1-2004,ns_ibts,2004,4037.223614227597,4.037223614227597,-0.851600154945964,-0.17419326102849564,0.01883745208718146,0.00468781528879932,0.022394001435509344,-0.19139450502638394
scotian_shelf-6-2004,scotian_shelf,2004,184.35156149372622,0.18435156149372622,0.0636314366735369,0.5270988310218773,-0.0063219333946389344,-0.03315580594114708,-0.1504317290219343,0.42336974648779047
southeast-4-2004,southeast,2004,59.97430052259893,0.05997430052259893,0.0012296034480427098,0.020931309705830136,-0.001319256609208716,-0.021523577206846455,-0.0553158388040111,0.020715259451942775
swc_ibts-1-2004,swc_ibts,2004,7079.079292582923,7.0790792925829225,-1.3756987194349781,-0.16271257713443388,-1.582084510149774,-0.1826641945797871,-0.34480687079757716,-0.1775878709456381
west_coast-5-2004,west_coast,2004,267.28229539351736,0.26728229539351733,-0.7813231344982366,-0.7451068936185954,-0.005876168302822393,-0.021511939345781043,-0.03184218598552602,-1.3669110123698358
bits-2-2005,bits,2005,4504.039684858821,4.504039684858821,0.7538355871582305,0.20101188295870062,-0.5081558388525318,-0.1013838818634634,-0.2774717470655812,0.1831644372692992
eastern_bering_sea-5-2005,eastern_bering_sea,2005,361.16747762039745,0.36116747762039747,0.0321908198739187,0.09785137977395983,0.03676966341354432,0.11334744502963279,0.5172240949728072,0.09335497852884815
evhoe-10-2005,evhoe,2005,4812.024302475928,4.812024302475928,-2.966482827983186,-0.3813691725455928,-1.6775617803136864,-0.2585005821500051,-1.0766881537040858,-0.48024658574328966
fr_cgfs-10-2005,fr_cgfs,2005,2147.3857326942752,2.1473857326942754,0.7948478571417954,0.5876714223748586,-1.3912144651575429,-0.39315389910454107,-0.4457996752932891,0.46226842855334477
gulf_of_alaska-5-2005,gulf_of_alaska,2005,255.49682925598992,0.25549682925598993,-0.004840672920706612,-0.01859383638635799,0.03588854410097542,0.16342072010463007,0.9791348962145462,-0.018768874916422703
ie_igfs-10-2005,ie_igfs,2005,5021.955586223731,5.021955586223731,0.10711980630238571,0.021795195424433898,-1.1632508533544064,-0.18806985097715606,-1.2582497286431669,0.021561075833075143
norbts-1-2005,norbts,2005,1607.4741875626182,1.6074741875626182,-0.22562786682858005,-0.12308527301471744,-1.008198271580039,-0.38544515314065647,-0.8898336266171981,-0.1313455239653084
northeast-2-2005,northeast,2005,150.74673603949856,0.15074673603949856,4.253190358891046e-5,2.822210822370548e-4,-0.012801325087707427,-0.07827255792259553,-0.2990515312108487,2.821812653587134e-4
ns_ibts-1-2005,ns_ibts,2005,4096.1828162576085,4.096182816257609,0.05895920203001204,0.014603898040780714,0.0777966541171935,0.019360173706091673,0.0924848209787233,0.014498288091407378
pt_ibts-9-2005,pt_ibts,2005,2706.9108490716553,2.7069108490716554,-0.3019248853953158,-0.10034608467876469,-1.0755753662857703,-0.2843567180545915,-0.7318770185387184,-0.10574512814368774
rockall-8-2005,rockall,2005,4810.194799727889,4.810194799727889,0.47281037236164636,0.10900817768849404,-2.8702347730446487,-0.3737075831304746,-0.7801607102859687,0.10346608227115463
scotian_shelf-6-2005,scotian_shelf,2005,151.76609171414327,0.15176609171414326,-0.03258546977958296,-0.17675722144990832,-0.038907403174221894,-0.2040524992579659,-0.925809806255634,-0.19450412964377015
southeast-4-2005,southeast,2005,84.6967416498941,0.08469674164989409,0.02472244112729516,0.41221724825251593,0.023403184518086442,0.3818212812769126,0.9812850458861624,0.3451609857718159
swc_ibts-1-2005,swc_ibts,2005,11911.151431533128,11.911151431533128,4.832072138950205,0.6825848304896076,3.2499876288004312,0.3752368276160558,0.7083174490542398,0.5203312005760516
west_coast-5-2005,west_coast,2005,229.921594732151,0.22992159473215099,-0.03736070066136635,-0.13977993045278408,-0.04323686896418874,-0.15828493241290736,-0.23429492690470477,-0.15056702764773522
aleutian_islands-5-2006,aleutian_islands,2006,537.8639067915437,0.5378639067915437,-0.13831900027786803,-0.20455855779813326,0.022166658430866848,0.04298386020350367,0.14838151692314488,-0.2288580452250336
bits-2-2006,bits,2006,4572.5869954125765,4.572586995412577,0.06854731055375574,0.015219073398529424,-0.43960852829877606,-0.08770777720444185,-0.24004239850403253,0.015104425065162375
eastern_bering_sea-5-2006,eastern_bering_sea,2006,303.7855918539328,0.3037855918539328,-0.05738188576646469,-0.15887888395858143,-0.020612222352920373,-0.06353995449481338,-0.28994385757527535,-0.17301961506027844
evhoe-10-2006,evhoe,2006,5407.394307049057,5.407394307049056,0.5953700045731285,0.12372547750159806,-1.082191775740558,-0.1667582126093575,-0.6945693915117512,0.11664948454253966
fr_cgfs-10-2006,fr_cgfs,2006,2118.803772789665,2.118803772789665,-0.028581959904610432,-0.013310119122729435,-1.4197964250621533,-0.4012310929966235,-0.4549584561741925,-0.01339949269276512
ie_igfs-10-2006,ie_igfs,2006,4927.787098749209,4.927787098749209,-0.09416848747452189,-0.018751358083063427,-1.2574193408289283,-0.20329464393991847,-1.360108647095604,-0.01892939392017181
norbts-1-2006,norbts,2006,2059.7569602527933,2.0597569602527934,0.45228277269017525,0.28136238590304385,-0.5559154988898638,-0.21253253516003187,-0.4906498239623349,0.247923875884539
northeast-2-2006,northeast,2006,184.51199616556414,0.18451199616556413,0.033765260126065566,0.22398667469137384,0.02096393503835814,0.1281821068001082,0.4897381193331232,0.2021132973408199
ns_ibts-1-2006,ns_ibts,2006,4246.673179535842,4.246673179535842,0.15049036327823284,0.03673917157235799,0.22828701739542634,0.05681062202190842,0.2713880715715329,0.03608037550081211
pt_ibts-9-2006,pt_ibts,2006,6601.840609156957,6.601840609156957,3.8949297600853017,1.4388836490204624,2.8193543937995313,0.7453706988679976,1.9184343121054757,0.891540413717239
rockall-8-2006,rockall,2006,5535.907713798812,5.535907713798813,0.7257129140709235,0.1508697556514711,-2.144521858973725,-0.279218999231,-0.5829041277156535,0.14051796577957962
scotian_shelf-6-2006,scotian_shelf,2006,168.10282897325806,0.16810282897325807,0.016336737259114803,0.10764418503894545,-0.02257066591510709,-0.1183733792068042,-0.5370737220460573,0.10223540411463437
southeast-4-2006,southeast,2006,65.5054978400178,0.0655054978400178,-0.019191243809876288,-0.22658774630558987,0.0042119407082101545,0.06871751135527444,0.17660478760621848,-0.25694305600581413
swc_ibts-1-2006,swc_ibts,2006,20172.31650761671,20.17231650761671,8.261165076083582,0.6935656156812253,11.511152704884013,1.3290538046690807,2.5087942635051594,0.5268361381296005
west_coast-5-2006,west_coast,2006,222.5991092685458,0.2225991092685458,-0.0073224854636051995,-0.03184774997814185,-0.05055935442779394,-0.18509166343825584,-0.2739745160506515,-0.03236592099281499
bits-2-2007,bits,2007,4661.858657619971,4.661858657619971,0.0892716622073948,0.01952322881925617,-0.35033686609138126,-0.06989688738877634,-0.19129679295895352,0.019335095293904373
eastern_bering_sea-5-2007,eastern_bering_sea,2007,307.947411797753,0.307947411797753,0.0041618199438202,0.013699859556938105,-0.016450402409100173,-0.05071058339070845,-0.23140120708451067,0.01360686486121194
evhoe-10-2007,evhoe,2007,7993.45096285293,7.99345096285293,2.5860566558038736,0.47824451278367125,1.5038648800633156,0.23173510003227574,0.9652064801053201,0.39085524374416125
fr_cgfs-10-2007,fr_cgfs,2007,2240.2679099710645,2.2402679099710645,0.12146413718139959,0.05732675141571848,-1.2983322878807537,-0.3669056167093795,-0.4160365830400488,0.05574379006845671
gulf_of_alaska-5-2007,gulf_of_alaska,2007,228.8232604438644,0.2288232604438644,-0.026673568812125542,-0.1043988251822902,0.009214975288849875,0.041960963732972624,0.25140902477630467,-0.11026008249230805
ie_igfs-10-2007,ie_igfs,2007,6473.3416428138535,6.473341642813853,1.545554544064644,0.31364068964281006,0.28813520323571584,0.04658457337688605,0.311666258604864,0.2728024349083445
norbts-1-2007,norbts,2007,1233.4064040205935,1.2334064040205934,-0.8263505562322,-0.40118837910409694,-1.3822660551220638,-0.5284553309763911,-1.2199850480317627,-0.5128082196511905
northeast-2-2007,northeast,2007,185.15310612448988,0.18515310612448987,6.411099589257452e-4,0.0034746248062400885,0.021605044997283884,0.13210211633435204,0.5047150778571571,0.0034686022441982956
ns_ibts-1-2007,ns_ibts,2007,3524.9542060552403,3.52495420605524,-0.7217189734806015,-0.1699492621561909,-0.4934319560851752,-0.12279356342954008,-0.5865929151011279,-0.18626845012755147
pt_ibts-9-2007,pt_ibts,2007,4019.9405074589454,4.019940507458945,-2.581900101698012,-0.3910879184385089,0.23745429210151947,0.06277730534414684,0.16157616173621844,-0.4960813869459732
rockall-8-2007,rockall,2007,4885.549927479253,4.885549927479253,-0.6503577863195602,-0.11747988224198126,-2.7948796452932854,-0.36389626632359956,-0.7596783753416979,-0.12497369410815067
scotian_shelf-6-2007,scotian_shelf,2007,209.68151099963305,0.20968151099963306,0.04157868202637499,0.24734076327168392,0.0190080161112679,0.09968882210082028,0.452299723897696,0.2210138958242654
southeast-4-2007,southeast,2007,45.70095150601865,0.04570095150601865,-0.019804546333999154,-0.30233410915168113,-0.015592605625789,-0.2543922453751241,-0.6537909708468281,-0.36001495722351956
swc_ibts-1-2007,swc_ibts,2007,15006.379795738098,15.006379795738097,-5.165936711878613,-0.25609040537947375,6.3452159930054,0.7326054716807702,1.3829059427905086,-0.2958357641391196
west_coast-5-2007,west_coast,2007,196.89640119306478,0.19689640119306479,-0.025702708075481,-0.11546635635667794,-0.07626206250327494,-0.27918615982572187,-0.41325412287846236,-0.12269472919972131
bits-2-2008,bits,2008,5327.8021735329085,5.327802173532908,0.6659435159129368,0.14284935791101877,0.3156066498215555,0.06296774503877693,0.1723328196114966,0.1335245807734635
eastern_bering_sea-5-2008,eastern_bering_sea,2008,280.40114873239423,0.28040114873239425,-0.027546263065358734,-0.08945119202187019,-0.04399666547445891,-0.1356256532801553,-0.6188834318637251,-0.0937077755640801
evhoe-10-2008,evhoe,2008,7600.407567607463,7.600407567607463,-0.39304339524546705,-0.049170676979444,1.1108214848178486,0.17116985130434556,0.7129444337720423,-0.05042070360506017
fr_cgfs-10-2008,fr_cgfs,2008,1394.2518175916325,1.3942518175916325,-0.846016092379432,-0.3776405887054639,-2.144348380260186,-0.6059877523213721,-0.6871333181023448,-0.4742375214601491
gulf_of_mexico-5-2008,gulf_of_mexico,2008,13.913454469831597,0.013913454469831598,NA,NA,-6.283799453756164e-4,-0.04321187598715085,-0.18818473810447936,NA
ie_igfs-10-2008,ie_igfs,2008,4729.466716674211,4.729466716674211,-1.7438749261396422,-0.2693933091072896,-1.4557397229039264,-0.23535830810575423,-1.5746252031855479,-0.31388000658362575
norbts-1-2008,norbts,2008,677.5700320122271,0.6775700320122271,-0.5558363720083663,-0.4506514399442715,-1.9381024271304301,-0.7409576150699254,-1.7105650347786305,-0.5990221390169321
northeast-2-2008,northeast,2008,172.84751125859137,0.17284751125859138,-0.012305594865898495,-0.06646172523632783,0.00929945013138539,0.05686065653907308,0.21724429167729054,-0.06877331548719959
ns_ibts-1-2008,ns_ibts,2008,3064.1870397515077,3.064187039751508,-0.46076716630373227,-0.13071578788519203,-0.9541991223889075,-0.2374582939238095,-1.134353861533095,-0.1400851506693034
pt_ibts-9-2008,pt_ibts,2008,2149.3166016345435,2.1493166016345437,-1.8706239058244014,-0.46533621638267636,-1.633169613722882,-0.43177146478207473,-1.1112929369023488,-0.6261171714752508
rockall-8-2008,rockall,2008,5015.286109664206,5.015286109664206,0.12973618218495364,0.026555082664336274,-2.6651434631083317,-0.3470044790927298,-0.7244146843733672,0.026208616694097447
scotian_shelf-6-2008,scotian_shelf,2008,189.4224063715797,0.1894224063715797,-0.02025910462805336,-0.09661845973672334,-0.001251088516785459,-0.006561418080252538,-0.029769913251399063,-0.10161028959529009
southeast-4-2008,southeast,2008,49.025878599682976,0.04902587859968298,0.0033249270936643316,0.07275400148345819,-0.012267678532124668,-0.20014629768906797,-0.5143782668554945,0.07022917499995636
swc_ibts-1-2008,swc_ibts,2008,13890.1873249865,13.8901873249865,-1.1161924707515958,-0.07438119559446318,5.229023522253804,0.6037322052036457,1.1396377541580072,-0.07729278739985576
west_coast-5-2008,west_coast,2008,185.63061003182926,0.18563061003182926,-0.011265791161235522,-0.0572168464886718,-0.08752785366451046,-0.3204288546658835,-0.47430196884602177,-0.05891897665073471
bits-2-2009,bits,2009,5266.454661275966,5.266454661275966,-0.06134751225694224,-0.011514600253308995,0.25425913756461327,0.05072809637249415,0.13883482529050484,-0.011581406590113608
eastern_bering_sea-5-2009,eastern_bering_sea,2009,237.96472457747143,0.23796472457747142,-0.042436424154922825,-0.1513418341785139,-0.08643308962938173,-0.2664416523295913,-1.2158195754055514,-0.16409880528987378
evhoe-10-2009,evhoe,2009,6129.1493070754705,6.129149307075471,-1.4712582605319922,-0.1935762322539672,-0.36043677571414356,-0.05554079584058867,-0.2313345541874162,-0.21514590820796983
fr_cgfs-10-2009,fr_cgfs,2009,1434.7537162119138,1.4347537162119137,0.040501898620281196,0.029049199082445767,-2.1038464816399047,-0.5945420120976337,-0.6741549213807161,0.0286352682283141
gulf_of_alaska-5-2009,gulf_of_alaska,2009,242.8429913265307,0.2428429913265307,0.01401973088266631,0.06126881880570735,0.023234706171516184,0.10580068122254833,0.6339045560559436,0.05946519116530967
gulf_of_mexico-5-2009,gulf_of_mexico,2009,16.315383239037853,0.016315383239037855,0.002401928769206257,0.17263353068889792,0.0017735488238306406,0.12196183598239442,0.5311353797718248,0.15925210030279546
ie_igfs-10-2009,ie_igfs,2009,6704.710136262953,6.704710136262952,1.9752434195887414,0.41764611909093724,0.519503696684815,0.08399132700900566,0.5619298567440113,0.3489978335582621
norbts-1-2009,norbts,2009,3043.007555995848,3.0430075559958483,2.365437523983621,3.491059834743304,0.42733509685319104,0.16337485045557243,0.37716503760490594,1.5020887172729827
northeast-2-2009,northeast,2009,187.47187495958988,0.1874718749595899,0.01462436370099851,0.08460847133123883,0.0239238138323839,0.1462800210989735,0.558883796010134,0.08121906595235061
ns_ibts-1-2009,ns_ibts,2009,3345.5253255468706,3.3455253255468707,0.2813382857953628,0.09181498457684818,-0.6728608365935447,-0.16744553894122055,-0.7998983339592612,0.08784143492498162
pt_ibts-9-2009,pt_ibts,2009,4281.059955163409,4.281059955163409,2.131743353528865,0.991823797344554,0.4985737398059831,0.13181111877730145,0.3392553173386388,0.6890507001017028
rockall-8-2009,rockall,2009,3467.2235612090367,3.4672235612090367,-1.5480625484551696,-0.308668840541745,-4.213206011563502,-0.5485638494101297,-1.1451947504195898,-0.3691363233330444
scotian_shelf-6-2009,scotian_shelf,2009,247.9964051056606,0.24799640510566062,0.05857399873408092,0.30922423516877656,0.057322910217295464,0.3006338676010354,1.3640106527964073,0.2694347749070833
southeast-4-2009,southeast,2009,67.88178241054015,0.06788178241054016,0.01885590381085718,0.38461123695148036,0.006588225278732512,0.10748642413696076,0.2762413354453188,0.3254194048950993
swc_ibts-1-2009,swc_ibts,2009,24115.78929626542,24.11578929626542,10.225601971278918,0.7361745188910802,15.454625493532722,1.7843589897995706,3.368253099999698,0.5516841405005638
west_coast-5-2009,west_coast,2009,180.1019806824239,0.18010198068242392,-0.005528629349405345,-0.029782961702584373,-0.09305648301391581,-0.3406684960615509,-0.5042608867865183,-0.030235481691112356
aleutian_islands-5-2010,aleutian_islands,2010,709.3381038288144,0.7093381038288143,0.17147419703727063,0.31880591888038273,0.19364085546813747,0.3754932881330903,1.2962135886321802,0.2767267202857305
bits-2-2010,bits,2010,7139.26432142013,7.1392643214201295,1.8728096601441635,0.3556110857489877,2.1270687977087768,0.42437865555048376,1.1614576677140527,0.3042523384607473
eastern_bering_sea-5-2010,eastern_bering_sea,2010,315.9149856741574,0.3159149856741574,0.07795026109668596,0.3275706566807073,-0.008482828532695774,-0.026149462669580983,-0.11932454374920681,0.28335069808906793
evhoe-10-2010,evhoe,2010,7337.154761870489,7.337154761870489,1.2080054547950185,0.19709186287899705,0.847568679080875,0.1306044281204047,0.5439842317141712,0.1798951678909598
fr_cgfs-10-2010,fr_cgfs,2010,1730.172716580816,1.730172716580816,0.29541900036890234,0.2059022374577832,-1.8084274812710022,-0.5110573051934056,-0.5794910879184819,0.1872280315513318
gulf_of_mexico-5-2010,gulf_of_mexico,2010,21.224243450211,0.021224243450210997,0.0049088602111731425,0.30087311706094044,0.006682409035003783,0.4595299907978331,2.0012214002270583,0.26303566753441643
ie_igfs-10-2010,ie_igfs,2010,7816.51547830944,7.81651547830944,1.1118053420464875,0.1658245202925628,1.6313090387313025,0.26374366881157263,1.7645326881969154,0.15342857942627455
norbts-1-2010,norbts,2010,3288.6573708145193,3.2886573708145193,0.245649814818671,0.0807259956797183,0.672984911671862,0.2572894436073419,0.5939750359551044,0.0776330335206232
northeast-2-2010,northeast,2010,193.09589256350014,0.19309589256350015,0.005624017603910264,0.029999260449720993,0.029547831436294164,0.18066757400023328,0.6902663727733133,0.02955808423130703
ns_ibts-1-2010,ns_ibts,2010,3445.752150306299,3.445752150306299,0.10022682475942846,0.02995847139284323,-0.5726340118341162,-0.14250347993660709,-0.6807484804041453,0.029518482392635593
pt_ibts-9-2010,pt_ibts,2010,3701.7718348411076,3.7017718348411077,-0.579288120322301,-0.13531418069107362,-0.08071438051631796,-0.02133897545709651,-0.05492223233921413,-0.1453890527004447
scotian_shelf-6-2010,scotian_shelf,2010,176.99007631043213,0.17699007631043212,-0.0710063287952285,-0.286319992279629,-0.013683418577933038,-0.07176361132911713,-0.3255998105508176,-0.3373205855589163
southeast-4-2010,southeast,2010,71.87819013437424,0.07187819013437424,0.003996407723834083,0.05887305226701814,0.010584633002566596,0.17268753027018907,0.4438089215416315,0.05720518433170932
swc_ibts-1-2010,swc_ibts,2010,11932.37982443755,11.93237982443755,-12.183409471827868,-0.5052046740893774,3.271216021704854,0.3776878138100503,0.7129440639300422,-0.7036110849299609
west_coast-5-2010,west_coast,2010,175.37697791452018,0.17537697791452017,-0.0047250027679037465,-0.026235151606885453,-0.09778148578181955,-0.35796615802657195,-0.5298650575937859,-0.026585433242717903
bits-2-2011,bits,2011,6775.373983948747,6.7753739839487475,-0.363890337471382,-0.05097028504457972,1.7631784602373948,0.35177766946566036,0.9627601817096266,-0.05231516900211986
eastern_bering_sea-5-2011,eastern_bering_sea,2011,308.55295252809003,0.30855295252809,-0.0073620331460673705,-0.023303842742239383,-0.015844861678763145,-0.04884392244597439,-0.22288330871010312,-0.023579670950533173
evhoe-10-2011,evhoe,2011,7578.877538805712,7.578877538805712,0.24172277693522304,0.03294502907195046,1.089291456016098,0.16785222387370738,0.6991260890578357,0.03241397388315879
fr_cgfs-10-2011,fr_cgfs,2011,1520.1514409256029,1.520151440925603,-0.2100212756552131,-0.12138746244378375,-2.0184487569262153,-0.5704088181964035,-0.6467901412539961,-0.12941127761714563
gulf_of_alaska-5-2011,gulf_of_alaska,2011,232.1866632522142,0.2321866632522142,-0.01065632807431649,-0.043881554975526614,0.012578378097199694,0.0572764278375063,0.3431715953173539,-0.044873477136154964
gulf_of_mexico-5-2011,gulf_of_mexico,2011,19.017563746452904,0.019017563746452904,-0.002206679703758093,-0.10396976970861856,0.00447572933124569,0.3077829937717602,1.340373699424065,-0.10978112741187122
ie_igfs-10-2011,ie_igfs,2011,6024.228438256327,6.024228438256326,-1.7922870400531137,-0.22929488785976926,-0.16097800132181117,-0.026026294012070305,-0.17412454579044903,-0.2604494531071344
norbts-1-2011,norbts,2011,2380.1468094722095,2.3801468094722096,-0.9085105613423097,-0.27625576607796454,-0.23552564967044765,-0.09004401481814212,-0.20787443195987274,-0.3233172170737696
northeast-2-2011,northeast,2011,202.98985264330094,0.20298985264330094,0.009893960079800784,0.05123858383754655,0.03944179151609495,0.24116330847491693,0.9213990009451147,0.04996907263848918
ns_ibts-1-2011,ns_ibts,2011,5952.91236269121,5.95291236269121,2.507160212384911,0.7276089814416992,1.9345262005507946,0.48141868961651973,2.2997686901427934,0.5467383608878964
pt_ibts-9-2011,pt_ibts,2011,2173.4230630377397,2.1734230630377396,-1.5283487718033681,-0.4128695230263888,-1.609063152319686,-0.425398285864642,-1.0948896557820167,-0.5325082062158755
rockall-8-2011,rockall,2011,7817.213016390853,7.817213016390853,4.349989455181817,1.2546031077571922,0.13678344361831485,0.01780934807386532,0.037179212491885334,0.8129739520346853
scotian_shelf-6-2011,scotian_shelf,2011,170.46510747085387,0.17046510747085386,-0.00652496883957826,-0.03686629767950254,-0.020208387417511298,-0.1059842503508043,-0.4808628105033918,-0.037563037443842255
southeast-4-2011,southeast,2011,88.35154533752646,0.08835154533752645,0.016473355203152212,0.22918433494716187,0.027057988205718808,0.4414491419959921,1.134529327729584,0.20635080708882195
swc_ibts-1-2011,swc_ibts,2011,13291.419463851349,13.29141946385135,1.3590396394137993,0.11389510386104891,4.630255661118653,0.5345997104520473,1.0091394961903437,0.10786297536697674
west_coast-5-2011,west_coast,2011,313.57497508096367,0.31357497508096366,0.1381979971664435,0.7880053517275343,0.04041651138462393,0.14795994543867946,0.21901177877719868,0.5811006698830479
aleutian_islands-5-2012,aleutian_islands,2012,520.4825707708391,0.520482570770839,-0.1888555330579753,-0.2662419120565841,0.004785322410162163,0.009279325079538383,0.03203249603004841,-0.3095758851497586
bits-2-2012,bits,2012,6593.8547171371865,6.593854717137186,-0.18151926681156105,-0.02679103282587658,1.5816591934258337,0.31556214954971895,0.8636439967967466,-0.02715645400288521
eastern_bering_sea-5-2012,eastern_bering_sea,2012,306.5070146067417,0.3065070146067417,-0.0020459379213483286,-0.00663075139805078,-0.017890799600111473,-0.05515080193698024,-0.25166269615889164,-0.006652832493733146
evhoe-10-2012,evhoe,2012,6351.373364900477,6.351373364900477,-1.2275041739052357,-0.1619638485541049,-0.1382127178891377,-0.021297616847348384,-0.08870731187894197,-0.17669403928033078
fr_cgfs-10-2012,fr_cgfs,2012,1262.9054593799679,1.2629054593799678,-0.25724598154563516,-0.16922391718354127,-2.2756947384718504,-0.643105920768715,-0.729221842415586,-0.18539497553074963
gulf_of_mexico-5-2012,gulf_of_mexico,2012,14.500971802482429,0.014500971802482429,-0.004516591943970475,-0.23749582250317922,-4.086261272478499e-5,-0.002810003989734105,-0.012237373472003266,-0.2711472918312232
ie_igfs-10-2012,ie_igfs,2012,6678.139835176331,6.678139835176331,0.6539113969200043,0.10854691245892972,0.49293339559819316,0.07969554458910084,0.5331896464653747,0.10305006984533828
norbts-1-2012,norbts,2012,2213.5600829513214,2.2135600829513216,-0.16658672652088802,-0.069990105592616,-0.40211237619133566,-0.15373193030565327,-0.35490351858393276,-0.07256005374370601
northeast-2-2012,northeast,2012,286.7614145214259,0.2867614145214259,0.08377156187812496,0.41268842155046304,0.1232133533942199,0.7533770351357809,2.8783849910621866,0.3454945709299705
ns_ibts-1-2012,ns_ibts,2012,5258.491924804078,5.258491924804078,-0.6944204378871319,-0.11665221921278147,1.2401057626636627,0.308607911889462,1.4742402582231957,-0.12403629319555842
rockall-8-2012,rockall,2012,14975.547811847797,14.975547811847797,7.158334795456944,0.9157144343447726,7.295118239075259,0.9498320595161467,1.982891671603529,0.6500906258231633
scotian_shelf-6-2012,scotian_shelf,2012,146.1830600660972,0.1461830600660972,-0.024282047404756674,-0.1424458516175131,-0.04449043482226797,-0.23333308516905338,-1.0586592134815889,-0.15367095513398343
southeast-4-2012,southeast,2012,95.52949070138895,0.09552949070138896,0.007177945363862501,0.08124300866997669,0.03423593356958131,0.5585568071365029,1.4354973622422693,0.0781113132730838
swc_ibts-1-2012,swc_ibts,2012,12746.199297298223,12.746199297298222,-0.5452201665531273,-0.0410204619631456,4.085035494565526,0.4716497214007949,0.89031167231694,-0.04188554109707713
west_coast-5-2012,west_coast,2012,383.4034917107178,0.3834034917107178,0.06982851662975414,0.22268523376817534,0.11024502801437808,0.4035936742451936,0.5974033596565377,0.2010494513535889
bits-2-2013,bits,2013,6223.58668506577,6.22358668506577,-0.370268032071416,-0.056153501700470135,1.2113911613544177,0.24168872814790465,0.661464055357157,-0.05779173379225615
eastern_bering_sea-5-2013,eastern_bering_sea,2013,333.4405320224719,0.3334405320224719,0.026933517415730246,0.08787243401357979,0.009042717815618773,0.027875396872596245,0.12720028153847768,0.08422389341036593
evhoe-10-2013,evhoe,2013,4681.521081721583,4.681521081721583,-1.6698522831788933,-0.26291200142743604,-1.808065001068031,-0.2786102192038134,-1.1604473770336479,-0.3050479928722831
fr_cgfs-10-2013,fr_cgfs,2013,1723.2778415636974,1.7232778415636973,0.46037238218372956,0.3645343194650157,-1.8153223562881209,-0.5130057804750451,-0.5817004762772144,0.3108132125282399
gulf_of_alaska-5-2013,gulf_of_alaska,2013,275.1683103969752,0.2751683103969752,0.04298164714476099,0.18511677864146706,0.05556002524196069,0.25299603429234296,1.515825200261779,0.1698413171083863
gulf_of_mexico-5-2013,gulf_of_mexico,2013,11.288884469732237,0.011288884469732237,-0.0032120873327501926,-0.22150841864269494,-0.0032529499454749776,-0.2236959830922834,-0.9741805703080973,-0.25039710169422996
ie_igfs-10-2013,ie_igfs,2013,6609.580687828361,6.609580687828361,-0.06855914734796986,-0.010266204218552368,0.4243742482502233,0.06861116963448803,0.45903149880716887,-0.010319265161799391
norbts-1-2013,norbts,2013,4927.733250593415,4.927733250593414,2.714173167642093,1.2261574413753016,2.312060791450757,0.8839259607483824,2.0406198830234032,0.8002769787328579
northeast-2-2013,northeast,2013,189.3920968035049,0.1893920968035049,-0.09736931771792098,-0.33954818461340047,0.02584403567629892,0.15802104591259994,0.6037420648809659,-0.41483110940440704
ns_ibts-1-2013,ns_ibts,2013,3306.6950579887766,3.306695057988777,-1.9517968668153012,-0.3711704600341326,-0.7116911041516385,-0.1771086887708553,-0.8460598351757069,-0.46389506065336783
pt_ibts-9-2013,pt_ibts,2013,3148.3379882565923,3.1483379882565923,0.9749149252188527,0.4485619674322579,-0.6341482271008334,-0.16765381048213804,-0.4315071991327664,0.3705713177279925
rockall-8-2013,rockall,2013,11190.555976331038,11.190555976331037,-3.7849918355167596,-0.25274479992793925,3.510126403558499,0.4570221457406565,0.9540901440925901,-0.29134851889675506
scotian_shelf-6-2013,scotian_shelf,2013,170.17488516837753,0.17017488516837753,0.023991825102280345,0.16412178737695296,-0.020498609719987626,-0.10750634078422426,-0.4877687109672062,0.15196697216679964
southeast-4-2013,southeast,2013,79.52738075310839,0.07952738075310839,-0.016002109948280566,-0.16750963321159945,0.018233823621300743,0.29748352803362577,0.7645360585470987,-0.18333362861983238
swc_ibts-1-2013,swc_ibts,2013,10537.349609655752,10.537349609655752,-2.20884968764247,-0.17329477094483167,1.876185806923056,0.21662052001961882,0.40890467795473384,-0.19030708152859854
west_coast-5-2013,west_coast,2013,222.43186823357232,0.2224318682335723,-0.1609716234771455,-0.41984913272151514,-0.05072659546276742,-0.1857039125800558,-0.2748807733029292,-0.544467093268585
aleutian_islands-5-2014,aleutian_islands,2014,777.6582922341936,0.7776582922341936,0.25717572146335455,0.49411015066743763,0.2619610438735167,0.5079744844601188,1.7535424739795957,0.4015308126858631
bits-2-2014,bits,2014,6031.620411865789,6.031620411865789,-0.1919662731999816,-0.03084495852859691,1.019424888154436,0.2033888908227563,0.5566434213509712,-0.03133067837177274
eastern_bering_sea-5-2014,eastern_bering_sea,2014,401.1448311649091,0.40114483116490907,0.06770429914243714,0.20304759811825837,0.07674701695805591,0.2365830273724285,1.079569479370625,0.18485800239291203
evhoe-10-2014,evhoe,2014,6781.980883995886,6.781980883995886,2.100459802274303,0.4486703713618394,0.2923948012062718,0.04505600164264759,0.1876640385813906,0.37064615047659927
fr_cgfs-10-2014,fr_cgfs,2014,3803.403982303983,3.803403982303983,2.0801261407402856,1.2070753134345331,0.2648037844521647,0.07483291969884572,0.08485351761479928,0.7916682514927844
gulf_of_mexico-5-2014,gulf_of_mexico,2014,13.484312113056184,0.013484312113056184,0.0021954276433239477,0.19447693429854204,-0.0010575223021510299,-0.07272275780042711,-0.31670259201378387,0.1777083776755988
ie_igfs-10-2014,ie_igfs,2014,6316.483351516955,6.316483351516955,-0.2930973363114058,-0.0443443162515814,0.13127691193881752,0.021224337978243985,0.1419978660215993,-0.04535759424824282
norbts-1-2014,norbts,2014,2920.867707680836,2.9208677076808356,-2.006865542912579,-0.40725937076056323,0.30519524853817837,0.11667945941450661,0.26936467011340703,-0.5229983631207806
northeast-2-2014,northeast,2014,168.79440927692792,0.16879440927692793,-0.02059768752657698,-0.10875684822237945,0.005246348149721941,0.03207832678396221,0.1225598472572285,-0.11513799112312911
ns_ibts-1-2014,ns_ibts,2014,5142.79100765175,5.14279100765175,1.8360959496629734,0.5552661849562075,1.124404845511335,0.27981503024896304,1.3366947720922921,0.4416467110177132
pt_ibts-9-2014,pt_ibts,2014,2397.1001255970473,2.3971001255970474,-0.7512378626595448,-0.23861410860641,-1.3853860897603782,-0.36626335454588466,-0.9426882324389778,-0.27261496502733945
rockall-8-2014,rockall,2014,8524.641244556828,8.524641244556827,-2.66591473177421,-0.2382289796336163,0.8442116717842891,0.10991724665727771,0.22946582059288945,-0.27210926666096946
scotian_shelf-6-2014,scotian_shelf,2014,173.56360873188768,0.17356360873188767,0.0033887235635101376,0.01991318260715854,-0.01710988615647749,-0.08973395157252939,-0.40713332412993075,0.019717508582663794
southeast-4-2014,southeast,2014,82.04343685020343,0.08204343685020343,0.002516056097095043,0.03163760799448561,0.020749879718395786,0.3385328032728558,0.8700331638996631,0.031147450345897925
swc_ibts-1-2014,swc_ibts,2014,7675.934556549142,7.675934556549143,-2.86141505310661,-0.2715497880496052,-0.9852292461835539,-0.11375252432850916,-0.21472545316978467,-0.31683599892137443
west_coast-5-2014,west_coast,2014,440.95983188284123,0.4409598318828412,0.2185279636492689,0.9824489871199393,0.1678013681865015,0.6143004537213979,0.909293624529768,0.6843329426043473
bits-2-2015,bits,2015,6265.527672876376,6.265527672876376,0.2339072610105868,0.038780169347266864,1.253332149165023,0.2500565157994824,0.6843653747393044,0.038047110662040945
eastern_bering_sea-5-2015,eastern_bering_sea,2015,342.12369220643285,0.34212369220643285,-0.059021138958476216,-0.1471317448789783,0.017725877999579698,0.05464240886739374,0.24934281020787982,-0.15915019228055086
evhoe-10-2015,evhoe,2015,7999.164434342542,7.999164434342543,1.2171835503466566,0.17947316147985104,1.5095783515529284,0.23261550618094595,0.9688734848866533,0.1650678654565232
fr_cgfs-10-2015,fr_cgfs,2015,6831.607534124906,6.831607534124906,3.028203551820923,0.7961824633697029,3.293007336273088,0.9305960414155228,1.0552086957223528,0.5856635590234996
gulf_of_alaska-5-2015,gulf_of_alaska,2015,253.8951509536784,0.25389515095367843,-0.021273159443296774,-0.07730962701557738,0.03428686579866391,0.15612737822920433,0.9354368539119542,-0.08046155797928901
gulf_of_mexico-5-2015,gulf_of_mexico,2015,15.888178563752888,0.015888178563752887,0.002403866450696703,0.17827134454779933,0.0013463441485456733,0.09258420293506613,0.4031978150434417,0.16404840212360716
ie_igfs-10-2015,ie_igfs,2015,6483.382594799617,6.483382594799617,0.16689924328266237,0.02642281060434999,0.2981761552214799,0.048207955245195826,0.32252722214937773,0.026079757965902603
norbts-1-2015,norbts,2015,3119.5580283522577,3.1195580283522575,0.1986903206714219,0.06802441622019975,0.5038855692096003,0.19264092774626665,0.4447283199039428,0.06581060190608053
northeast-2-2015,northeast,2015,221.92407922899426,0.22192407922899426,0.05312966995206633,0.3147596545386796,0.058376018101788274,0.35693494437934065,1.3637211366576143,0.2736538767109195
ns_ibts-1-2015,ns_ibts,2015,4298.7002869253065,4.298700286925307,-0.8440907207264434,-0.1641308619134153,0.2803141247848915,0.06975788624445706,0.3332380028771529,-0.1792832115393178
pt_ibts-9-2015,pt_ibts,2015,4476.638707986895,4.476638707986894,2.079538582389847,0.8675226204295053,0.6941524926294687,0.18351752078067382,0.4723371998293751,0.624612750631266
rockall-8-2015,rockall,2015,14817.350680780684,14.817350680780685,6.292709436223857,0.738178799048217,7.1369211080081465,0.9292346268376507,1.9398919883380372,0.5528378978741287
scotian_shelf-6-2015,scotian_shelf,2015,148.01898804939495,0.14801898804939495,-0.02554462068249272,-0.14717728485325957,-0.04265450683897021,-0.2237044370741902,-1.014972922651407,-0.15920358996522632
southeast-4-2015,southeast,2015,108.12293943564973,0.10812293943564973,0.026079502585446293,0.3178743308018992,0.04682938230384208,0.764018022369605,1.9635350277793586,0.2760200831291315
swc_ibts-1-2015,swc_ibts,2015,6202.71881492907,6.20271881492907,-1.4732157416200726,-0.19192656356913806,-2.4584449878036265,-0.28384695680596167,-0.5358049572157852,-0.21310233791912617
west_coast-5-2015,west_coast,2015,259.02413459870803,0.25902413459870804,-0.18193569728413317,-0.412590181983904,-0.014134329097631682,-0.05174406425621246,-0.07659207713489881,-0.5320325459955437
aleutian_islands-5-2016,aleutian_islands,2016,602.442071793954,0.602442071793954,-0.17521622044023955,-0.22531261119436863,0.08674482343327716,0.16820881575192764,0.5806616512093151,-0.2552957002871192
bits-2-2016,bits,2016,6077.47260710864,6.07747260710864,-0.18805506576773556,-0.03001424230904455,1.0652770833972873,0.21253701663427677,0.5816804036073498,-0.03047389038533128
eastern_bering_sea-5-2016,eastern_bering_sea,2016,668.3301601123595,0.6683301601123596,0.3262064679059267,0.9534752352347996,0.3439323459055064,1.0602178277508276,4.837958246779142,0.6696099583068583
evhoe-10-2016,evhoe,2016,7548.09837259061,7.5480983725906095,-0.4510660617519333,-0.05638914732336125,1.058512289800995,0.1631093688098491,0.6793714880448742,-0.05804143016181225
fr_cgfs-10-2016,fr_cgfs,2016,6836.575924074501,6.836575924074501,0.004968389949595142,7.272651311974945e-4,3.297975726222683,0.9320000965988723,1.0568007627125484,7.270008020625353e-4
gulf_of_mexico-5-2016,gulf_of_mexico,2016,11.735580079396847,0.011735580079396847,-0.00415259848435604,-0.2613640366448129,-0.0028062543358103667,-0.19297801471839815,-0.8404059377219038,-0.3029500865018475
ie_igfs-10-2016,ie_igfs,2016,7285.223099250336,7.285223099250336,0.8018405044507189,0.12367625891673935,1.1000166596721987,0.1778463937166866,1.1898514061212693,0.11660568410929345
norbts-1-2016,norbts,2016,3228.0974579778294,3.2280974579778294,0.10853942962557195,0.03479320744769162,0.6124249988351722,0.23413673095594992,0.5405249871044552,0.03420160718729198
northeast-2-2016,northeast,2016,252.70749829060279,0.2527074982906028,0.03078341906160853,0.13871148713810544,0.0891594371633968,0.5451574084638614,2.08285205030961,0.12989734872426598
ns_ibts-1-2016,ns_ibts,2016,4380.086333126139,4.380086333126139,0.08138604620083179,0.018932710067824723,0.36170017098572327,0.0900113021474924,0.42998990048076113,0.018755716797970234
pt_ibts-9-2016,pt_ibts,2016,2714.420943020318,2.7144209430203183,-1.762217764966576,-0.3936475288529661,-1.0680652723371074,-0.2823712266288274,-0.7267667628184952,-0.5002938264410608
rockall-8-2016,rockall,2016,11835.370467166538,11.835370467166538,-2.981980213614147,-0.20124921639885457,4.154940894394,0.5409776699370369,1.1293576643307626,-0.22470629225657576
scotian_shelf-6-2016,scotian_shelf,2016,217.3619623007691,0.2173619623007691,0.06934297425137415,0.46847350576558405,0.026688467412403938,0.13996946679993152,0.6350576709963536,0.3842234297951694
southeast-4-2016,southeast,2016,95.57466203030334,0.09557466203030335,-0.012548277405346378,-0.11605564435116555,0.0342811048984957,0.5592937741364318,1.437391375833977,-0.12336116442428599
swc_ibts-1-2016,swc_ibts,2016,10366.568351167378,10.366568351167377,4.163849536238307,0.671294259900434,1.7054045484346805,0.1969024703004238,0.3716838146238147,0.5135983321950476
west_coast-5-2016,west_coast,2016,276.0424485973279,0.2760424485973279,0.01701831399861986,0.06570165372807985,0.002883984900988179,0.010557918879622194,0.01562793624420292,0.06363341201994167
bits-2-2017,bits,2017,7787.642661001467,7.787642661001467,1.7101700538928268,0.2813949423470032,2.775447137290114,0.5537388005236863,1.5154960490290488,0.24794928324059434
eastern_bering_sea-5-2017,eastern_bering_sea,2017,337.6638516853935,0.33766385168539353,-0.33066630842696604,-0.49476490537457485,0.013266037478540382,0.04089434915267726,0.1866080238903115,-0.682731424122337
evhoe-10-2017,evhoe,2017,5768.22232289713,5.76822232289713,-1.7798760496934793,-0.2358045645187586,-0.7213637598924842,-0.11115712939004559,-0.46298373264229026,-0.26893171692457235
fr_cgfs-10-2017,fr_cgfs,2017,9926.221095302843,9.926221095302843,3.0896451712283417,0.45192874408786754,6.387620897451025,1.8051264738324393,2.0468442452960183,0.37289284087877
gulf_of_alaska-5-2017,gulf_of_alaska,2017,198.4344376928653,0.19843443769286528,-0.055460713260813144,-0.2184394347528583,-0.02117384746214923,-0.09641643277348705,-0.5776788514736836,-0.24646263340672417
gulf_of_mexico-5-2017,gulf_of_mexico,2017,10.659281655094995,0.010659281655094995,-0.0010762984243018522,-0.09171241787965957,-0.003882552760112219,-0.2669919522706169,-1.1627315284573576,-0.0961942301293102
ie_igfs-10-2017,ie_igfs,2017,6469.781360453845,6.469781360453845,-0.8154417387964914,-0.1119309220441584,0.28457492087570735,0.046008960841591055,0.307815219681956,-0.11870574852467775
norbts-1-2017,norbts,2017,4086.4765259195347,4.086476525919535,0.8583790679417054,0.2659086595481594,1.4708040667768776,0.562304374783594,1.2981285067393529,0.23579017226301635
northeast-2-2017,northeast,2017,245.5307722805628,0.24553077228056278,-0.007176726010040019,-0.028399339388762778,0.08198271115335679,0.5012759588118351,1.9151966796601991,-0.028810401933357377
ns_ibts-1-2017,ns_ibts,2017,4260.483903804693,4.260483903804693,-0.11960242932144549,-0.027305952491599245,0.24209774166427778,0.060247505315746734,0.2878062887311954,-0.027685688680930392
pt_ibts-9-2017,pt_ibts,2017,6427.865535137449,6.427865535137449,3.7134445921171304,1.3680430080918862,2.645379319780023,0.699375799187162,1.8000526882187675,0.8620638790577938
rockall-8-2017,rockall,2017,10235.19093885087,10.23519093885087,-1.6001795283156675,-0.13520316349664385,2.554761366078332,0.33263261408386247,0.6944116421029154,-0.1452606707311788
scotian_shelf-6-2017,scotian_shelf,2017,192.9913202770291,0.19299132027702912,-0.02437064202373998,-0.1121200865403383,0.0023178253886639577,0.012155991528979893,0.05515314050656333,-0.1189187777251893
southeast-4-2017,southeast,2017,69.10893384830094,0.06910893384830094,-0.026465728182002407,-0.27691155395988803,0.007815376716493294,0.12750731206033378,0.32769524565919333,-0.3242237322996345
swc_ibts-1-2017,swc_ibts,2017,12831.079906053876,12.831079906053876,2.4645115548864993,0.23773648823807458,4.16991610332118,0.4814498603531229,0.9088109477403873,0.21328429880964722
west_coast-5-2017,west_coast,2017,264.3209938283734,0.2643209938283734,-0.011721454768954531,-0.04246250831535333,-0.008837469867966352,-0.032352905153949924,-0.04788909110076116,-0.043390402887485115
aleutian_islands-5-2018,aleutian_islands,2018,568.2313963858932,0.5682313963858932,-0.03421067540806089,-0.05678666383008116,0.052534148025216276,0.10187013444848571,0.3516586227264653,-0.05846279057785011
bits-2-2018,bits,2018,6761.671597677011,6.761671597677011,-1.025971063324456,-0.13174346949202717,1.749476073965658,0.34904386025831513,0.95527817566523765,-0.14126806592586216
eastern_bering_sea-5-2018,eastern_bering_sea,2018,264.1044047823622,0.26410440478236225,-0.07355944690303129,-0.21784815441709682,-0.06029340942449091,-0.18586256375341867,-0.8481231870868849,-0.24570638134931685
evhoe-10-2018,evhoe,2018,3546.2149671798566,3.5462149671798566,-2.2220073557172735,-0.38521527627271734,-2.9433711156097577,-0.45355298135509436,-1.8891064694733435,-0.4864831151747383
fr_cgfs-10-2018,fr_cgfs,2018,5647.102058460681,5.647102058460681,-4.279119036842162,-0.4310924566114159,2.108501860608863,0.5958576111222944,0.6756466873770491,-0.5640373477096743
ie_igfs-10-2018,ie_igfs,2018,6542.309204355763,6.542309204355763,0.07252784390191813,0.011210246507747585,0.3571027647776255,0.05773497914193818,0.38626617430236837,0.011147877377063733
northeast-2-2018,northeast,2018,195.66904648122798,0.195669046481228,-0.04986172579933479,-0.2030772979541597,0.032120985354022,0.19640089361278718,0.7503777763870396,-0.22699759103610928
ns_ibts-1-2018,ns_ibts,2018,2876.762758355441,2.876762758355441,-1.3837211454492522,-0.3247802777082582,-1.1416234037849744,-0.28409997390018943,-1.3571642292626531,-0.3927171265716757
pt_ibts-9-2018,pt_ibts,2018,5147.3445601743315,5.147344560174331,-1.2805209749631175,-0.1992140264856576,1.3648583448169056,0.3608363037188051,0.9287200947914666,-0.22216156672600645
rockall-8-2018,rockall,2018,9557.438531422738,9.557438531422738,-0.677752407428132,-0.06621785675297084,1.8770089586502001,0.24438853854012016,0.5101912415479217,-0.06851211930213
southeast-4-2018,southeast,2018,113.0647837268951,0.1130647837268951,0.04395584987859416,0.6360371580189675,0.051771226595087455,0.8446438584687936,2.1707443457398825,0.49227695064815563
swc_ibts-1-2018,swc_ibts,2018,7462.495273428179,7.462495273428178,-5.368584632625698,-0.4184047384891374,-1.198668529304518,-0.1383957810526946,-0.2612434051793462,-0.5419805001294721
west_coast-5-2018,west_coast,2018,270.8148616017573,0.2708148616017573,0.006493867773383899,0.024568111973733122,-0.002343602094582453,-0.008579642976714607,-0.012699672631214349,0.024271169623791146
bits-2-2019,bits,2019,6905.002859705613,6.905002859705613,0.14333126202860225,0.02119760771550101,1.8928073359942603,0.3776403627990761,1.033542307735424,0.02097606376151254
evhoe-10-2019,evhoe,2019,6861.33886820152,6.86133886820152,3.3151239010216638,0.9348344450923207,0.37175278541190604,0.057284514092169087,0.2385973648521317,0.6600217647296189
fr_cgfs-10-2019,fr_cgfs,2019,11693.69689487407,11.693696894874071,6.04659483641339,1.0707429711411316,8.155096697022252,2.3046109311735683,2.6132128083546067,0.7279074661363197
gulf_of_mexico-5-2019,gulf_of_mexico,2019,11.932324978230422,0.011932324978230423,0.0012730433231354279,0.11943049863279764,-0.002609509436976791,-0.17944843562844315,-0.781485554388764,0.11282007262192371
ie_igfs-10-2019,ie_igfs,2019,7014.295512140167,7.014295512140167,0.4719863077844044,0.072143687044043045,0.8290890725620299,0.13404388045269156,0.8967980531146518,0.06966009008821364
northeast-2-2019,northeast,2019,218.88698573414914,0.21888698573414914,0.02321793925292115,0.11865923440858911,0.055338924606943146,0.33836490769463234,1.2927716487068635,0.11213085606071733
ns_ibts-1-2019,ns_ibts,2019,2910.934936666512,2.910934936666512,0.03417217831107111,0.011878691842703888,-1.1074512254739033,-0.27559601809996614,-1.3165402740371293,0.011808693959676288
rockall-8-2019,rockall,2019,7435.52223867285,7.43552223867285,-2.121916292749888,-0.22201725763377894,-0.2449073340996879,-0.03188719221746336,-0.0665684499121227,-0.2510509370983299
swc_ibts-1-2019,swc_ibts,2019,6115.031553807929,6.115031553807929,-1.347463719620249,-0.1805647669108996,-2.546132248924767,-0.2939711460163625,-0.5549159275350182,-0.1991399161495292
west_coast-5-2019,west_coast,2019,416.5770203220116,0.4165770203220116,0.14576215872025433,0.5382354493329199,0.14341855662567188,0.5250379383635172,0.7771663639478927,0.43063594735947697
bits-2-2020,bits,2020,6605.222287606975,6.605222287606975,-0.29978057209863795,-0.04341498159950346,1.5930267638956224,0.3178301317974209,0.8698511076808129,-0.04438560915849991
evhoe-10-2020,evhoe,2020,7607.770900372238,7.6077709003722385,0.7464320321707181,0.10878810193007873,1.1181848175826241,0.17230448958032174,0.7176703480439641,0.10326761881338777
fr_cgfs-10-2020,fr_cgfs,2020,8777.74694756399,8.77774694756399,-2.9159499473100805,-0.24936082861770484,5.239146749712172,1.4805704111170024,1.6788280874948278,-0.28683020688257954
ie_igfs-10-2020,ie_igfs,2020,6565.699602781092,6.565699602781092,-0.44859590935907523,-0.06395452096117944,0.3804931632029547,0.06151664732938263,0.4115667897170551,-0.06609121496824988
ns_ibts-1-2020,ns_ibts,2020,4280.9440788193115,4.280944078819312,1.3700091421527998,0.47064230975965415,0.2625579166788965,0.06533914514055653,0.3121293864902565,0.3856992507725262
rockall-8-2020,rockall,2020,9136.925856684209,9.13692585668421,1.7014036180113594,0.2288209978261109,1.4564962839116715,0.18963734646757457,0.3958913696039065,0.2060551713399057
swc_ibts-1-2020,swc_ibts,2020,10315.039725106351,10.31503972510635,4.200008171298421,0.6868334422057083,1.653875922373654,0.19095308206177064,0.3604534257320614,0.5228530685211683
